gen,arm,rep,H_pool,NBHD,C,V_p,n_split,n_frags,n_types
1,moth,0,-0.0,1.0,0.7524244337085488,0.2843745782468711,0,576,1
2,moth,0,0.14861471371317742,1.1701388888888888,0.7438542432126374,0.2796504705805855,17,610,5
3,moth,0,0.2493802605879033,1.3107638888888888,0.7352658057911607,0.27608834691087086,16,642,6
4,moth,0,0.3423194081101274,1.4635416666666667,0.7266555304584161,0.273350980485052,16,673,6
5,moth,0,0.43077480839410837,1.6128472222222223,0.7180288059384615,0.2708595968922329,16,704,7
6,moth,0,0.5091107821007872,1.7239583333333333,0.7093828449165135,0.26852311056138656,16,736,9
7,moth,0,0.5824590235531726,1.8489583333333333,0.7007264631505563,0.2665078926157748,16,766,10
8,moth,0,0.6280550277812675,1.90625,0.6920448229270556,0.26468717456030394,16,796,10
9,moth,0,0.6834365909908876,2.0121527777777777,0.6833393525620248,0.2629794157896082,16,823,10
10,moth,0,0.7223141921910021,2.0746527777777777,0.6746258484400379,0.2614005087645631,15,849,10
11,moth,0,0.7669814266381902,2.1510416666666665,0.6659051411627208,0.2598957227799464,15,874,10
12,moth,0,0.796028280030164,2.2118055555555554,0.6571726085075964,0.25845571690637675,15,897,10
13,moth,0,0.8343283432587753,2.2864583333333335,0.6484317699803563,0.257094349892628,15,920,10
14,moth,0,0.875281301359261,2.3663194444444446,0.6396806341134353,0.25584321193098297,15,949,10
15,moth,0,0.910117404138522,2.4288194444444446,0.6309159430879877,0.2546086765929402,15,973,10
16,moth,0,0.9504854669111114,2.4895833333333335,0.6221540306353793,0.25346463208417064,16,995,10
17,moth,0,0.9820148005298085,2.545138888888889,0.6133888697161761,0.252354306700025,16,1020,10
18,moth,0,1.0136916891425352,2.6059027777777777,0.6046175517475327,0.2513051661601055,16,1049,10
19,moth,0,1.0388965014332416,2.6597222222222223,0.5958360944197311,0.2502808269489304,16,1076,10
20,moth,0,1.0551697852578272,2.7100694444444446,0.587062229798739,0.24917323338762198,15,1096,10
21,moth,0,1.0808331551183643,2.7621527777777777,0.5783107603251487,0.24779245889549883,15,1122,10
22,moth,0,1.1020280584045885,2.8055555555555554,0.5696225664695163,0.24590389313151878,15,1148,10
23,moth,0,1.1205720189730937,2.8506944444444446,0.5610220582154796,0.24332267007608385,15,1172,10
24,moth,0,1.1405244660120188,2.907986111111111,0.5525425088457617,0.23987461825918593,15,1194,10
25,moth,0,1.1522110384739503,2.9565972222222223,0.5442403684666184,0.23524492894528296,15,1214,10
26,moth,0,1.1717106606518286,3.0,0.5361193170831089,0.22956233166138734,15,1235,10
27,moth,0,1.1848132836318812,3.046875,0.5282355891436853,0.22258976351779328,14,1254,10
28,moth,0,1.191436785555517,3.076388888888889,0.5206227422147849,0.21432084476589014,14,1275,10
29,moth,0,1.202688420326604,3.1006944444444446,0.5132948565136632,0.20485379571445905,14,1290,10
30,moth,0,1.208293834974656,3.123263888888889,0.5062116051833037,0.19460792060787283,13,1309,10
31,moth,0,1.2189932984004808,3.154513888888889,0.49939024759225004,0.1836382447708171,13,1325,10
32,moth,0,1.2236493216177007,3.1614583333333335,0.4928105688198976,0.17219232587306552,13,1338,10
33,moth,0,1.2313179678840978,3.185763888888889,0.486481629222943,0.16036218488803716,13,1358,10
34,moth,0,1.2347979061855696,3.201388888888889,0.4804035906525098,0.14830259705153714,13,1378,10
35,moth,0,1.24563856210316,3.2274305555555554,0.47454626925272697,0.1362316771130041,13,1395,11
36,moth,0,1.2521197720744224,3.248263888888889,0.4688847602186914,0.12433955517177894,13,1414,11
37,moth,0,1.2587219589335703,3.2725694444444446,0.4634139075240594,0.11272003084757605,13,1428,11
38,moth,0,1.2649001163668845,3.2916666666666665,0.4581197133206046,0.10151206646157745,13,1440,11
39,moth,0,1.26920387022733,3.3038194444444446,0.45300981213076685,0.09071589641953413,14,1457,11
40,moth,0,1.2809320625499678,3.342013888888889,0.4480832131664212,0.08042003151750222,14,1472,11
41,moth,0,1.2771353729279966,3.3402777777777777,0.4433347506649865,0.07069330328085216,14,1484,10
42,moth,0,1.2835698610933814,3.3506944444444446,0.43879674245868266,0.06151650967590107,14,1498,10
43,moth,0,1.2888573727693147,3.357638888888889,0.4344088271346227,0.05304443684948953,13,1515,10
44,moth,0,1.296044085598685,3.373263888888889,0.4302573153296444,0.045160078642143206,13,1531,10
45,moth,0,1.296842486560954,3.3715277777777777,0.4262986125205364,0.038003579314902024,12,1541,10
46,moth,0,1.3044819077000651,3.40625,0.42260112564121644,0.0314732627806977,12,1553,10
47,moth,0,1.3029436990288745,3.407986111111111,0.41917739634782764,0.025604042185426737,12,1564,10
48,moth,0,1.3023232769080568,3.4027777777777777,0.41608495949179425,0.02033269297962287,12,1569,10
49,moth,0,1.3039318624871485,3.390625,0.4132889723070096,0.01571152634225687,12,1580,10
50,moth,0,1.3060139607831598,3.390625,0.41075688592492104,0.011770779368773058,11,1592,10
51,moth,0,1.3148482877432977,3.404513888888889,0.4084839090503668,0.008485999949910212,11,1604,10
52,moth,0,1.315404074888709,3.404513888888889,0.40646844173776525,0.00583206320724492,11,1614,10
53,moth,0,1.316305948223707,3.4149305555555554,0.40471332380273095,0.00376884660381661,11,1624,10
54,moth,0,1.3204729004003906,3.421875,0.403237773462907,0.002237308695144357,11,1631,10
55,moth,0,1.3273809968979717,3.4444444444444446,0.4020233343894743,0.0011921881351019306,11,1643,10
56,moth,0,1.3338699473911082,3.4652777777777777,0.4011324529186792,0.000545810277873079,11,1652,10
57,moth,0,1.3365736523160758,3.4756944444444446,0.40053153060493946,0.00019601359056582176,11,1654,10
58,moth,0,1.3422449074998006,3.486111111111111,0.4001842605114007,4.3124277856553916e-05,11,1663,10
59,moth,0,1.346269906106525,3.4947916666666665,0.40002082660485627,1.5628819735671695e-06,11,1669,10
60,moth,0,1.347294005327512,3.4947916666666665,0.39999999999999997,0.0,11,1677,10
61,moth,0,1.3495939552230107,3.5208333333333335,0.39999999999999997,0.0,11,1688,10
62,moth,0,1.3546534948343079,3.5364583333333335,0.39999999999999997,0.0,10,1698,10
63,moth,0,1.352743531570576,3.5364583333333335,0.39999999999999997,0.0,10,1704,10
64,moth,0,1.3535338992550592,3.5364583333333335,0.39999999999999997,0.0,10,1712,10
65,moth,0,1.3593328782929188,3.546875,0.39999999999999997,0.0,10,1722,10
66,moth,0,1.3630330500201957,3.5572916666666665,0.39999999999999997,0.0,10,1729,10
67,moth,0,1.363460738572318,3.5572916666666665,0.39999999999999997,0.0,10,1741,10
68,moth,0,1.363274547965039,3.564236111111111,0.39999999999999997,0.0,11,1752,10
69,moth,0,1.36268638863699,3.5659722222222223,0.39999999999999997,0.0,11,1765,10
70,moth,0,1.359127182849223,3.5538194444444446,0.39999999999999997,0.0,11,1772,10
71,moth,0,1.3644356189959759,3.5659722222222223,0.39999999999999997,0.0,10,1776,10
72,moth,0,1.3661081689090542,3.5850694444444446,0.39999999999999997,0.0,10,1787,10
73,moth,0,1.370245105814595,3.5868055555555554,0.39999999999999997,0.0,10,1790,10
74,moth,0,1.3727796475975886,3.592013888888889,0.39999999999999997,0.0,11,1796,10
75,moth,0,1.3721741174941877,3.6041666666666665,0.39999999999999997,0.0,10,1806,10
76,moth,0,1.3743111001184412,3.6041666666666665,0.39999999999999997,0.0,10,1814,10
77,moth,0,1.3763001207429635,3.6059027777777777,0.39999999999999997,0.0,10,1821,10
78,moth,0,1.3776210629833823,3.609375,0.39999999999999997,0.0,11,1830,10
79,moth,0,1.383249523064695,3.6215277777777777,0.39999999999999997,0.0,11,1839,11
80,moth,0,1.3821374390150178,3.6215277777777777,0.39999999999999997,0.0,11,1848,11
81,moth,0,1.382515777557802,3.6215277777777777,0.39999999999999997,0.0,11,1854,11
82,moth,0,1.3804472422450793,3.6215277777777777,0.39999999999999997,0.0,11,1861,11
83,moth,0,1.3802246921698773,3.6180555555555554,0.39999999999999997,0.0,11,1867,11
84,moth,0,1.3818020634007957,3.6180555555555554,0.39999999999999997,0.0,11,1875,11
85,moth,0,1.386101701344465,3.625,0.39999999999999997,0.0,11,1885,11
86,moth,0,1.3864037668122962,3.625,0.39999999999999997,0.0,11,1893,11
87,moth,0,1.3865229222503483,3.6284722222222223,0.39999999999999997,0.0,11,1901,11
88,moth,0,1.3857278620078217,3.6302083333333335,0.39999999999999997,0.0,11,1906,11
89,moth,0,1.3839773253052938,3.6215277777777777,0.39999999999999997,0.0,11,1914,11
90,moth,0,1.386618039043757,3.6128472222222223,0.39999999999999997,0.0,11,1921,11
91,moth,0,1.385390899693402,3.6059027777777777,0.39999999999999997,0.0,11,1928,11
92,moth,0,1.3841108290404716,3.6006944444444446,0.39999999999999997,0.0,11,1933,11
93,moth,0,1.3816699790393128,3.5868055555555554,0.39999999999999997,0.0,11,1938,11
94,moth,0,1.3801230410271845,3.5746527777777777,0.39999999999999997,0.0,11,1945,11
95,moth,0,1.3815722422251486,3.5625,0.39999999999999997,0.0,11,1954,11
96,moth,0,1.3852636863101842,3.564236111111111,0.39999999999999997,0.0,11,1957,11
97,moth,0,1.3879407026473705,3.576388888888889,0.39999999999999997,0.0,12,1960,11
98,moth,0,1.3828810163259404,3.5711805555555554,0.39999999999999997,0.0,12,1965,11
99,moth,0,1.3773257806994603,3.564236111111111,0.39999999999999997,0.0,12,1973,11
100,moth,0,1.3790187351893795,3.5746527777777777,0.39999999999999997,0.0,12,1979,11
101,moth,0,1.379502866131357,3.5833333333333335,0.39999999999999997,0.0,11,1982,11
102,moth,0,1.3786916827519629,3.5868055555555554,0.39999999999999997,0.0,11,1988,11
103,moth,0,1.382352838757426,3.6145833333333335,0.39999999999999997,0.0,12,1992,11
104,moth,0,1.383485907181922,3.6197916666666665,0.39999999999999997,0.0,12,2003,11
105,moth,0,1.3887551865727439,3.6440972222222223,0.39999999999999997,0.0,12,2010,11
106,moth,0,1.3940051908682543,3.6614583333333335,0.39999999999999997,0.0,12,2015,11
107,moth,0,1.3836298247356456,3.6527777777777777,0.39999999999999997,0.0,12,2019,10
108,moth,0,1.386228824735369,3.6597222222222223,0.39999999999999997,0.0,12,2025,10
109,moth,0,1.390056881866323,3.6614583333333335,0.39999999999999997,0.0,12,2026,10
110,moth,0,1.388513388265534,3.6649305555555554,0.39999999999999997,0.0,12,2031,10
111,moth,0,1.3883211200933332,3.6597222222222223,0.39999999999999997,0.0,12,2037,10
112,moth,0,1.3873669761740275,3.6631944444444446,0.39999999999999997,0.0,12,2043,10
113,moth,0,1.3911688505381072,3.6753472222222223,0.39999999999999997,0.0,12,2045,10
114,moth,0,1.392182797648133,3.6822916666666665,0.39999999999999997,0.0,11,2046,10
115,moth,0,1.391945244593177,3.685763888888889,0.39999999999999997,0.0,10,2050,10
116,moth,0,1.3886336197214226,3.671875,0.39999999999999997,0.0,10,2054,10
117,moth,0,1.3894868806768954,3.6840277777777777,0.39999999999999997,0.0,10,2060,10
118,moth,0,1.3917531519457493,3.6996527777777777,0.39999999999999997,0.0,10,2063,10
119,moth,0,1.3901872957834414,3.7100694444444446,0.39999999999999997,0.0,10,2068,10
120,moth,0,1.38902235685747,3.704861111111111,0.39999999999999997,0.0,10,2072,10
121,moth,0,1.3923185744759137,3.7152777777777777,0.39999999999999997,0.0,10,2073,10
122,moth,0,1.3923555845379392,3.7065972222222223,0.39999999999999997,0.0,11,2074,10
123,moth,0,1.3927716161600163,3.701388888888889,0.39999999999999997,0.0,11,2079,10
124,moth,0,1.390612316768592,3.6944444444444446,0.39999999999999997,0.0,11,2081,10
125,moth,0,1.3883306766078085,3.704861111111111,0.39999999999999997,0.0,12,2081,10
126,moth,0,1.3852013564453933,3.6979166666666665,0.39999999999999997,0.0,12,2084,10
127,moth,0,1.382795645129692,3.6805555555555554,0.39999999999999997,0.0,12,2088,10
128,moth,0,1.382636704814141,3.673611111111111,0.39999999999999997,0.0,12,2092,10
129,moth,0,1.3781560266495936,3.654513888888889,0.39999999999999997,0.0,12,2096,10
130,moth,0,1.377202446497603,3.6527777777777777,0.39999999999999997,0.0,12,2099,10
131,moth,0,1.3739406193307855,3.6493055555555554,0.39999999999999997,0.0,12,2102,10
132,moth,0,1.381387335372043,3.65625,0.39999999999999997,0.0,12,2105,11
133,moth,0,1.378696293556683,3.6475694444444446,0.39999999999999997,0.0,11,2107,11
134,moth,0,1.3773229519104269,3.6475694444444446,0.39999999999999997,0.0,11,2110,11
135,moth,0,1.3744735503168655,3.638888888888889,0.39999999999999997,0.0,11,2111,11
136,moth,0,1.3660905888625658,3.6145833333333335,0.39999999999999997,0.0,11,2116,11
137,moth,0,1.3638030459971362,3.6145833333333335,0.39999999999999997,0.0,12,2123,11
138,moth,0,1.3568792363322617,3.5989583333333335,0.39999999999999997,0.0,12,2127,11
139,moth,0,1.353807640849486,3.592013888888889,0.39999999999999997,0.0,12,2129,11
140,moth,0,1.3512130206082293,3.5885416666666665,0.39999999999999997,0.0,12,2132,11
141,moth,0,1.3465888516620992,3.578125,0.39999999999999997,0.0,12,2137,11
142,moth,0,1.3428335454593685,3.5694444444444446,0.39999999999999997,0.0,12,2140,11
143,moth,0,1.3379212224443986,3.560763888888889,0.39999999999999997,0.0,12,2144,11
144,moth,0,1.3328168691416007,3.546875,0.39999999999999997,0.0,11,2145,11
145,moth,0,1.3317756748281235,3.5416666666666665,0.39999999999999997,0.0,11,2146,11
146,moth,0,1.3283660610718329,3.5399305555555554,0.39999999999999997,0.0,11,2151,11
147,moth,0,1.33056464881757,3.545138888888889,0.39999999999999997,0.0,11,2154,11
148,moth,0,1.3244639302329813,3.5190972222222223,0.39999999999999997,0.0,11,2158,11
149,moth,0,1.3191088483108062,3.5,0.39999999999999997,0.0,11,2158,11
150,moth,0,1.3201086773166635,3.5034722222222223,0.39999999999999997,0.0,11,2161,11
151,moth,0,1.3128983398115828,3.4965277777777777,0.39999999999999997,0.0,11,2167,11
152,moth,0,1.3093033940254653,3.4913194444444446,0.39999999999999997,0.0,11,2170,11
153,moth,0,1.307455144954273,3.4913194444444446,0.39999999999999997,0.0,11,2173,11
154,moth,0,1.3043047500807479,3.4791666666666665,0.39999999999999997,0.0,11,2174,11
155,moth,0,1.2997267090367657,3.4635416666666665,0.39999999999999997,0.0,11,2176,11
156,moth,0,1.3017369873847044,3.4722222222222223,0.39999999999999997,0.0,11,2181,11
157,moth,0,1.299600299975993,3.4739583333333335,0.39999999999999997,0.0,11,2185,11
158,moth,0,1.293874104227091,3.467013888888889,0.39999999999999997,0.0,11,2189,11
159,moth,0,1.2811386751349583,3.439236111111111,0.39999999999999997,0.0,11,2190,10
160,moth,0,1.2804417366753194,3.4427083333333335,0.39999999999999997,0.0,10,2190,10
161,moth,0,1.272799386917037,3.4270833333333335,0.39999999999999997,0.0,10,2192,10
162,moth,0,1.262892055109795,3.4010416666666665,0.39999999999999997,0.0,10,2192,10
163,moth,0,1.257740960291275,3.3715277777777777,0.39999999999999997,0.0,10,2194,10
164,moth,0,1.2548962394964471,3.3628472222222223,0.39999999999999997,0.0,11,2198,10
165,moth,0,1.2502177455072592,3.34375,0.39999999999999997,0.0,11,2200,10
166,moth,0,1.2464203609742313,3.3333333333333335,0.39999999999999997,0.0,11,2201,10
167,moth,0,1.2424274274273848,3.3350694444444446,0.39999999999999997,0.0,11,2201,10
168,moth,0,1.2417028684171794,3.3350694444444446,0.39999999999999997,0.0,11,2203,10
169,moth,0,1.2390478633055362,3.3211805555555554,0.39999999999999997,0.0,11,2207,10
170,moth,0,1.2397299191507067,3.328125,0.39999999999999997,0.0,11,2207,10
171,moth,0,1.2380621775882847,3.3402777777777777,0.39999999999999997,0.0,11,2212,10
172,moth,0,1.2334240905531586,3.326388888888889,0.39999999999999997,0.0,11,2215,10
173,moth,0,1.2304593293398574,3.326388888888889,0.39999999999999997,0.0,11,2216,10
174,moth,0,1.2279739372117533,3.3229166666666665,0.39999999999999997,0.0,11,2220,10
175,moth,0,1.2287884053431373,3.3177083333333335,0.39999999999999997,0.0,11,2221,11
176,moth,0,1.2254944838071051,3.3159722222222223,0.39999999999999997,0.0,11,2224,11
177,moth,0,1.2210396848151748,3.3159722222222223,0.39999999999999997,0.0,11,2225,11
178,moth,0,1.2147905293567631,3.2934027777777777,0.39999999999999997,0.0,11,2225,11
179,moth,0,1.223040800521525,3.3229166666666665,0.39999999999999997,0.0,11,2226,11
180,moth,0,1.2227053595098074,3.3211805555555554,0.39999999999999997,0.0,11,2228,11
181,moth,0,1.228886226454689,3.329861111111111,0.39999999999999997,0.0,12,2231,11
182,moth,0,1.2278422210606876,3.3194444444444446,0.39999999999999997,0.0,12,2234,11
183,moth,0,1.2221351212648963,3.310763888888889,0.39999999999999997,0.0,11,2235,11
184,moth,0,1.2205959256522454,3.3125,0.39999999999999997,0.0,11,2237,11
185,moth,0,1.2179433281161545,3.3038194444444446,0.39999999999999997,0.0,11,2238,11
186,moth,0,1.2142921885121796,3.3055555555555554,0.39999999999999997,0.0,11,2241,11
187,moth,0,1.2110791946191264,3.28125,0.39999999999999997,0.0,11,2242,11
188,moth,0,1.2087140952629558,3.279513888888889,0.39999999999999997,0.0,12,2244,11
189,moth,0,1.2060668542125703,3.2760416666666665,0.39999999999999997,0.0,12,2248,11
190,moth,0,1.201631729326691,3.2621527777777777,0.39999999999999997,0.0,12,2249,11
191,moth,0,1.200861599083223,3.2708333333333335,0.39999999999999997,0.0,12,2252,11
192,moth,0,1.2021834031532757,3.267361111111111,0.39999999999999997,0.0,12,2253,11
193,moth,0,1.2000202819312056,3.2690972222222223,0.39999999999999997,0.0,12,2256,11
194,moth,0,1.1929948476251868,3.2465277777777777,0.39999999999999997,0.0,12,2256,11
195,moth,0,1.1938727430262548,3.2447916666666665,0.39999999999999997,0.0,12,2258,11
196,moth,0,1.1922585155332701,3.236111111111111,0.39999999999999997,0.0,12,2259,11
197,moth,0,1.1790593258334208,3.1979166666666665,0.39999999999999997,0.0,12,2260,11
198,moth,0,1.175499122703402,3.1909722222222223,0.39999999999999997,0.0,12,2261,11
199,moth,0,1.168877585042448,3.173611111111111,0.39999999999999997,0.0,12,2261,11
200,moth,0,1.1651898068519368,3.15625,0.39999999999999997,0.0,12,2261,11
201,moth,0,1.1591175683598196,3.1475694444444446,0.39999999999999997,0.0,12,2262,11
202,moth,0,1.1481304042677694,3.1215277777777777,0.39999999999999997,0.0,12,2262,11
203,moth,0,1.1446656366281822,3.1197916666666665,0.39999999999999997,0.0,12,2262,11
204,moth,0,1.1413705956712255,3.1180555555555554,0.39999999999999997,0.0,12,2264,11
205,moth,0,1.1372402009683218,3.107638888888889,0.39999999999999997,0.0,13,2266,11
206,moth,0,1.1347699802730171,3.107638888888889,0.39999999999999997,0.0,13,2269,11
207,moth,0,1.1322601223519588,3.1024305555555554,0.39999999999999997,0.0,13,2270,11
208,moth,0,1.1221880640120543,3.0659722222222223,0.39999999999999997,0.0,13,2271,11
209,moth,0,1.1013310803737928,3.0347222222222223,0.39999999999999997,0.0,13,2272,11
210,moth,0,1.0929261052232049,3.0034722222222223,0.39999999999999997,0.0,13,2274,11
211,moth,0,1.0946705762951143,3.001736111111111,0.39999999999999997,0.0,13,2278,11
212,moth,0,1.0920164626317617,3.001736111111111,0.39999999999999997,0.0,14,2278,11
213,moth,0,1.0857525306580615,3.0069444444444446,0.39999999999999997,0.0,14,2278,11
214,moth,0,1.072267173751086,2.986111111111111,0.39999999999999997,0.0,14,2280,10
215,moth,0,1.0634009007833385,2.9739583333333335,0.39999999999999997,0.0,14,2282,9
216,moth,0,1.0589640600488894,2.9652777777777777,0.39999999999999997,0.0,14,2286,9
217,moth,0,1.0512044071363664,2.9618055555555554,0.39999999999999997,0.0,14,2286,9
218,moth,0,1.050567762479048,2.9618055555555554,0.39999999999999997,0.0,13,2286,9
219,moth,0,1.0444639175207595,2.9461805555555554,0.39999999999999997,0.0,13,2286,9
220,moth,0,1.0317073642068255,2.923611111111111,0.39999999999999997,0.0,13,2286,9
221,moth,0,1.0239667195436857,2.9131944444444446,0.39999999999999997,0.0,14,2286,9
222,moth,0,1.0273255655432714,2.9166666666666665,0.39999999999999997,0.0,13,2286,9
223,moth,0,1.028737197293004,2.9288194444444446,0.39999999999999997,0.0,13,2287,9
224,moth,0,1.0207876233444906,2.8940972222222223,0.39999999999999997,0.0,13,2287,9
225,moth,0,1.0167047309072965,2.8975694444444446,0.39999999999999997,0.0,13,2287,9
226,moth,0,1.01445597836512,2.888888888888889,0.39999999999999997,0.0,13,2287,9
227,moth,0,1.0137411232172118,2.888888888888889,0.39999999999999997,0.0,13,2288,9
228,moth,0,1.0160450123772535,2.890625,0.39999999999999997,0.0,13,2289,9
229,moth,0,1.0191726857817693,2.904513888888889,0.39999999999999997,0.0,13,2289,9
230,moth,0,1.0134271289174517,2.8993055555555554,0.39999999999999997,0.0,13,2289,9
231,moth,0,1.0172392142372668,2.9166666666666665,0.39999999999999997,0.0,13,2289,9
232,moth,0,1.0107758988235913,2.8958333333333335,0.39999999999999997,0.0,13,2289,9
233,moth,0,1.0107930929592455,2.8958333333333335,0.39999999999999997,0.0,13,2290,9
234,moth,0,1.0149826767035357,2.9114583333333335,0.39999999999999997,0.0,13,2290,9
235,moth,0,1.0121268101824838,2.9027777777777777,0.39999999999999997,0.0,13,2290,9
236,moth,0,1.0159077787163964,2.9184027777777777,0.39999999999999997,0.0,13,2291,9
237,moth,0,1.0137847639811823,2.907986111111111,0.39999999999999997,0.0,13,2291,9
238,moth,0,1.0023209150513068,2.890625,0.39999999999999997,0.0,13,2291,9
239,moth,0,0.9909179588968874,2.8784722222222223,0.39999999999999997,0.0,13,2291,9
240,moth,0,0.9886050146364159,2.876736111111111,0.39999999999999997,0.0,13,2291,9
1,moth,1,-0.0,1.0,0.7522885505233786,0.28701463241628755,0,576,1
2,moth,1,0.08036532736600253,1.0833333333333333,0.743609768134073,0.2820621535135068,8,592,5
3,moth,1,0.14856334694659923,1.1684027777777777,0.7349219577333483,0.27837022656494614,8,606,6
4,moth,1,0.20088664230925046,1.2378472222222223,0.7262342146989091,0.27548750641657105,9,623,7
5,moth,1,0.29035235615770644,1.375,0.7175381370634616,0.27291423345946775,9,641,7
6,moth,1,0.3537925672316969,1.4565972222222223,0.7088322095038566,0.2706891798329929,9,659,8
7,moth,1,0.39966264214540786,1.5277777777777777,0.7001230811196459,0.2687605057712861,9,675,8
8,moth,1,0.43597254322926576,1.5798611111111112,0.6914003286145745,0.2669344765881559,9,691,8
9,moth,1,0.478501721329527,1.6388888888888888,0.6826693509846036,0.2652401319263606,9,704,8
10,moth,1,0.5294736164505112,1.7013888888888888,0.6739378133092135,0.26371200447306226,9,719,8
11,moth,1,0.5657700713140213,1.7378472222222223,0.6651960743208242,0.2621891638525937,9,737,8
12,moth,1,0.611869305706472,1.7951388888888888,0.6564472909121766,0.26076270132696716,9,755,9
13,moth,1,0.6329041407075748,1.8368055555555556,0.6476981824195668,0.2594077580325918,9,771,9
14,moth,1,0.6657011944982437,1.8923611111111112,0.6389414130174274,0.2581207797415222,9,788,9
15,moth,1,0.7027960418573898,1.9513888888888888,0.6301815388814043,0.2568603844019393,9,805,9
16,moth,1,0.7267730272642974,1.9774305555555556,0.6214222545848845,0.25568186909258933,9,823,9
17,moth,1,0.7469853018025807,2.015625,0.6126568080730301,0.25447744753815177,9,838,9
18,moth,1,0.7599391373099168,2.0364583333333335,0.6038856335431135,0.25331111510402743,9,854,9
19,moth,1,0.7807985258423921,2.060763888888889,0.5951114967971465,0.2521985856051497,9,868,9
20,moth,1,0.7957798561688658,2.0850694444444446,0.586340430855332,0.25109000294750733,9,885,9
21,moth,1,0.8161844924764126,2.1059027777777777,0.5776018703244971,0.24972670278094902,10,903,9
22,moth,1,0.8324070568915384,2.126736111111111,0.5689363141157034,0.2478076216213062,10,920,9
23,moth,1,0.8543593952501323,2.1770833333333335,0.5603658982078042,0.24508515059988578,10,936,9
24,moth,1,0.8693850818796297,2.204861111111111,0.5519318479950306,0.2414000240203358,11,953,9
25,moth,1,0.8891165115501555,2.2395833333333335,0.5436713011515176,0.23659882624560938,11,972,9
26,moth,1,0.8939489687241565,2.251736111111111,0.5356060118572639,0.23067218479986373,11,987,9
27,moth,1,0.9102854205956427,2.28125,0.5277678475604639,0.223542958018982,11,1005,9
28,moth,1,0.9260695148451282,2.3038194444444446,0.5202131230723058,0.21504546799882204,11,1025,9
29,moth,1,0.9453645015949197,2.3246527777777777,0.5129376475066226,0.20537064802336497,11,1043,9
30,moth,1,0.9582374654833259,2.3524305555555554,0.5059080827654681,0.19492363515509126,12,1062,9
31,moth,1,0.9685569249334348,2.3784722222222223,0.49911497469958177,0.18389568501908302,12,1082,9
32,moth,1,0.9787567702317138,2.390625,0.4925829047067382,0.1723070831773185,11,1099,9
33,moth,1,0.9886494276155017,2.4131944444444446,0.4862821876768477,0.1604353009587537,10,1113,9
34,moth,1,0.9965624176540594,2.4322916666666665,0.4802422930836643,0.14826485551085056,9,1128,9
35,moth,1,1.004928181633706,2.4427083333333335,0.4744048101020153,0.1361606054495585,9,1143,9
36,moth,1,1.0070424798209299,2.4461805555555554,0.46878556402820537,0.12415441191625076,9,1155,9
37,moth,1,1.0132064456806855,2.454861111111111,0.46333428405574023,0.11250517203296538,9,1169,9
38,moth,1,1.0261384618257707,2.4722222222222223,0.45807912830441355,0.10118841279041406,9,1183,9
39,moth,1,1.034044642685433,2.482638888888889,0.4529789502113313,0.09040102447531993,9,1197,9
40,moth,1,1.0385133924745409,2.486111111111111,0.448066333265952,0.08010294959419448,9,1207,9
41,moth,1,1.0430421339169615,2.5,0.44331885779906965,0.07040022749044243,9,1221,9
42,moth,1,1.0492608060106923,2.5190972222222223,0.43876477717298934,0.06127322886465257,9,1230,9
43,moth,1,1.0550781550694888,2.5381944444444446,0.4343767532465753,0.05281635723925025,9,1243,9
44,moth,1,1.068776184292428,2.5572916666666665,0.4302064048540279,0.044985436684817845,9,1252,10
45,moth,1,1.089539230729604,2.595486111111111,0.4262351122485754,0.037853192087036774,9,1262,10
46,moth,1,1.1001638994003584,2.609375,0.422523491629451,0.03136727177294413,9,1276,10
47,moth,1,1.1111253522074336,2.625,0.41909362617205104,0.02553140631701879,9,1288,10
48,moth,1,1.1240648694829123,2.6597222222222223,0.41598798191602226,0.02030785661077969,9,1305,10
49,moth,1,1.136345552272153,2.6840277777777777,0.4131785684675678,0.015737979652758152,9,1312,11
50,moth,1,1.1401043678145197,2.6927083333333335,0.41064962248623404,0.011826927861889448,9,1328,11
51,moth,1,1.1460970570199216,2.703125,0.4083918547769657,0.008556380785026891,9,1338,11
52,moth,1,1.1533181642126877,2.7100694444444446,0.40641063935948196,0.005915244699169037,9,1350,11
53,moth,1,1.1639491249901688,2.734375,0.40469735574521526,0.0038574869239314663,9,1365,11
54,moth,1,1.169498645850544,2.7430555555555554,0.4032551542269062,0.00231728634967239,10,1380,11
55,moth,1,1.1789937646586888,2.763888888888889,0.40205789498238775,0.0012563812565953409,10,1393,11
56,moth,1,1.1815493555080192,2.7743055555555554,0.40116125442719425,0.0005850382629829819,10,1403,11
57,moth,1,1.190504650893341,2.8003472222222223,0.40055872887550464,0.00021553931686656833,10,1416,11
58,moth,1,1.2031090835916602,2.8211805555555554,0.40020601822992025,5.046366177180042e-05,10,1430,11
59,moth,1,1.2079042843994516,2.8315972222222223,0.4000289174300148,2.562029744581954e-06,10,1441,11
60,moth,1,1.2092299238440951,2.84375,0.39999999999999997,0.0,10,1452,11
61,moth,1,1.2088422554046254,2.8559027777777777,0.39999999999999997,0.0,10,1462,11
62,moth,1,1.2118068802569328,2.857638888888889,0.39999999999999997,0.0,10,1473,11
63,moth,1,1.2219738389289294,2.8663194444444446,0.39999999999999997,0.0,10,1486,11
64,moth,1,1.2237208864752551,2.8663194444444446,0.39999999999999997,0.0,10,1494,11
65,moth,1,1.2310633752065676,2.8784722222222223,0.39999999999999997,0.0,10,1505,11
66,moth,1,1.2277032680617614,2.876736111111111,0.39999999999999997,0.0,10,1509,11
67,moth,1,1.2302372887920596,2.8645833333333335,0.39999999999999997,0.0,10,1519,11
68,moth,1,1.2321416579495958,2.8645833333333335,0.39999999999999997,0.0,10,1533,11
69,moth,1,1.231382006561383,2.8559027777777777,0.39999999999999997,0.0,10,1541,11
70,moth,1,1.2355951842368278,2.8645833333333335,0.39999999999999997,0.0,10,1554,11
71,moth,1,1.232384518180841,2.8489583333333335,0.39999999999999997,0.0,10,1562,11
72,moth,1,1.2332141237532193,2.8489583333333335,0.39999999999999997,0.0,10,1572,11
73,moth,1,1.2285835863742494,2.842013888888889,0.39999999999999997,0.0,10,1579,11
74,moth,1,1.232570739826183,2.861111111111111,0.39999999999999997,0.0,10,1588,11
75,moth,1,1.2368393340604205,2.8680555555555554,0.39999999999999997,0.0,10,1597,11
76,moth,1,1.2435438481318828,2.8784722222222223,0.39999999999999997,0.0,11,1608,11
77,moth,1,1.2476453400716274,2.8784722222222223,0.39999999999999997,0.0,11,1617,11
78,moth,1,1.25290647502756,2.876736111111111,0.39999999999999997,0.0,11,1631,11
79,moth,1,1.2636014045051382,2.9010416666666665,0.39999999999999997,0.0,11,1641,12
80,moth,1,1.2658898344845502,2.9131944444444446,0.39999999999999997,0.0,11,1647,12
81,moth,1,1.2649910885956708,2.9149305555555554,0.39999999999999997,0.0,11,1658,12
82,moth,1,1.269216292526139,2.9270833333333335,0.39999999999999997,0.0,11,1665,12
83,moth,1,1.269819846118722,2.935763888888889,0.39999999999999997,0.0,12,1673,12
84,moth,1,1.2723129260500217,2.9479166666666665,0.39999999999999997,0.0,12,1683,12
85,moth,1,1.2719039675769406,2.9618055555555554,0.39999999999999997,0.0,12,1694,12
86,moth,1,1.2775045532510483,2.9722222222222223,0.39999999999999997,0.0,12,1706,12
87,moth,1,1.28994472645234,2.9965277777777777,0.39999999999999997,0.0,12,1717,12
88,moth,1,1.2905581273621292,3.001736111111111,0.39999999999999997,0.0,11,1724,12
89,moth,1,1.2918901451955356,3.0052083333333335,0.39999999999999997,0.0,11,1733,12
90,moth,1,1.2925985223513083,3.0104166666666665,0.39999999999999997,0.0,11,1744,12
91,moth,1,1.2930496395707867,3.015625,0.39999999999999997,0.0,11,1752,12
92,moth,1,1.2926604854163057,3.0121527777777777,0.39999999999999997,0.0,10,1758,12
93,moth,1,1.291361872389409,3.0034722222222223,0.39999999999999997,0.0,10,1767,12
94,moth,1,1.2895990813956413,3.0034722222222223,0.39999999999999997,0.0,9,1772,12
95,moth,1,1.279288473778346,2.9878472222222223,0.39999999999999997,0.0,9,1775,11
96,moth,1,1.2825807218843157,2.9965277777777777,0.39999999999999997,0.0,9,1783,11
97,moth,1,1.2790706052031244,2.9791666666666665,0.39999999999999997,0.0,9,1784,11
98,moth,1,1.2803735011982287,2.9791666666666665,0.39999999999999997,0.0,9,1790,11
99,moth,1,1.2856495767271479,2.9739583333333335,0.39999999999999997,0.0,9,1794,11
100,moth,1,1.287362173308791,2.9774305555555554,0.39999999999999997,0.0,9,1800,11
101,moth,1,1.2878040238735984,2.9809027777777777,0.39999999999999997,0.0,9,1810,11
102,moth,1,1.2935965383491146,3.0034722222222223,0.39999999999999997,0.0,9,1815,12
103,moth,1,1.3015753734523667,3.0208333333333335,0.39999999999999997,0.0,9,1820,13
104,moth,1,1.2956595248846616,3.0190972222222223,0.39999999999999997,0.0,9,1825,13
105,moth,1,1.3067844271659974,3.0434027777777777,0.39999999999999997,0.0,9,1830,13
106,moth,1,1.3085326527576073,3.046875,0.39999999999999997,0.0,9,1839,13
107,moth,1,1.309168215784004,3.0520833333333335,0.39999999999999997,0.0,9,1844,13
108,moth,1,1.307807293889998,3.0538194444444446,0.39999999999999997,0.0,9,1848,13
109,moth,1,1.3078621588048227,3.0538194444444446,0.39999999999999997,0.0,9,1855,13
110,moth,1,1.3089665765798413,3.0625,0.39999999999999997,0.0,9,1861,13
111,moth,1,1.314331224968821,3.0746527777777777,0.39999999999999997,0.0,9,1866,13
112,moth,1,1.3153225095234755,3.064236111111111,0.39999999999999997,0.0,9,1870,13
113,moth,1,1.316126915485643,3.064236111111111,0.39999999999999997,0.0,9,1879,13
114,moth,1,1.3147207074819238,3.0555555555555554,0.39999999999999997,0.0,9,1884,13
115,moth,1,1.3184507234605112,3.0711805555555554,0.39999999999999997,0.0,9,1891,13
116,moth,1,1.3231803648023857,3.0833333333333335,0.39999999999999997,0.0,9,1898,13
117,moth,1,1.325871451229816,3.0868055555555554,0.39999999999999997,0.0,9,1900,13
118,moth,1,1.330110015554095,3.1006944444444446,0.39999999999999997,0.0,9,1907,13
119,moth,1,1.3329302549721775,3.109375,0.39999999999999997,0.0,9,1912,13
120,moth,1,1.3334539715871843,3.1180555555555554,0.39999999999999997,0.0,9,1918,13
121,moth,1,1.328234535397669,3.1059027777777777,0.39999999999999997,0.0,8,1921,13
122,moth,1,1.3189769205243738,3.0972222222222223,0.39999999999999997,0.0,9,1925,12
123,moth,1,1.3189769205243738,3.0972222222222223,0.39999999999999997,0.0,9,1928,12
124,moth,1,1.3204611635795784,3.0972222222222223,0.39999999999999997,0.0,9,1928,12
125,moth,1,1.3211579167903538,3.1024305555555554,0.39999999999999997,0.0,9,1932,12
126,moth,1,1.3212970065388299,3.092013888888889,0.39999999999999997,0.0,10,1939,12
127,moth,1,1.3178187312771399,3.0868055555555554,0.39999999999999997,0.0,11,1947,12
128,moth,1,1.3151441446909211,3.0538194444444446,0.39999999999999997,0.0,11,1950,12
129,moth,1,1.3168870863975781,3.0555555555555554,0.39999999999999997,0.0,11,1958,12
130,moth,1,1.3108109099712295,3.0434027777777777,0.39999999999999997,0.0,11,1963,12
131,moth,1,1.305900634487503,3.0190972222222223,0.39999999999999997,0.0,12,1968,12
132,moth,1,1.3065260068573357,3.0190972222222223,0.39999999999999997,0.0,12,1978,12
133,moth,1,1.3081886158135236,3.029513888888889,0.39999999999999997,0.0,13,1982,12
134,moth,1,1.3076731389882454,3.029513888888889,0.39999999999999997,0.0,13,1986,12
135,moth,1,1.3024789006915085,3.0225694444444446,0.39999999999999997,0.0,13,1991,12
136,moth,1,1.297731788367907,3.0243055555555554,0.39999999999999997,0.0,14,2004,12
137,moth,1,1.2948152537931932,3.0190972222222223,0.39999999999999997,0.0,14,2008,12
138,moth,1,1.2936243313014772,3.015625,0.39999999999999997,0.0,13,2013,12
139,moth,1,1.2856404735896176,2.982638888888889,0.39999999999999997,0.0,13,2018,12
140,moth,1,1.2798690135855637,2.9739583333333335,0.39999999999999997,0.0,13,2022,12
141,moth,1,1.2838285360928645,2.96875,0.39999999999999997,0.0,13,2024,12
142,moth,1,1.285570075831672,2.9722222222222223,0.39999999999999997,0.0,13,2027,12
143,moth,1,1.2885567398793873,2.9774305555555554,0.39999999999999997,0.0,13,2032,12
144,moth,1,1.2864738518194472,2.986111111111111,0.39999999999999997,0.0,13,2037,12
145,moth,1,1.2801415398765146,2.967013888888889,0.39999999999999997,0.0,13,2042,12
146,moth,1,1.2777244184576708,2.9739583333333335,0.39999999999999997,0.0,13,2046,12
147,moth,1,1.276984956421783,2.967013888888889,0.39999999999999997,0.0,13,2050,12
148,moth,1,1.2769680391186404,2.970486111111111,0.39999999999999997,0.0,12,2050,12
149,moth,1,1.2779569588564046,2.9722222222222223,0.39999999999999997,0.0,12,2055,12
150,moth,1,1.2754541355928295,2.96875,0.39999999999999997,0.0,12,2058,12
151,moth,1,1.2715683401847957,2.9635416666666665,0.39999999999999997,0.0,12,2059,12
152,moth,1,1.273017748228254,2.9652777777777777,0.39999999999999997,0.0,12,2063,12
153,moth,1,1.2742897548575478,2.9756944444444446,0.39999999999999997,0.0,12,2067,12
154,moth,1,1.2757973832577791,2.9739583333333335,0.39999999999999997,0.0,12,2069,12
155,moth,1,1.2781120574840141,2.9479166666666665,0.39999999999999997,0.0,12,2073,12
156,moth,1,1.2742983883535874,2.9427083333333335,0.39999999999999997,0.0,12,2077,12
157,moth,1,1.2725549848509439,2.9375,0.39999999999999997,0.0,12,2081,12
158,moth,1,1.2750618504698346,2.9461805555555554,0.39999999999999997,0.0,13,2084,12
159,moth,1,1.2721543783030744,2.9322916666666665,0.39999999999999997,0.0,13,2089,12
160,moth,1,1.2720143058169764,2.9322916666666665,0.39999999999999997,0.0,13,2095,12
161,moth,1,1.2678099168317052,2.9184027777777777,0.39999999999999997,0.0,13,2100,12
162,moth,1,1.2610966779950181,2.9027777777777777,0.39999999999999997,0.0,13,2107,12
163,moth,1,1.2591107870171836,2.9010416666666665,0.39999999999999997,0.0,13,2112,12
164,moth,1,1.2640416329165176,2.8993055555555554,0.39999999999999997,0.0,14,2115,12
165,moth,1,1.2611104193364349,2.9149305555555554,0.39999999999999997,0.0,13,2119,12
166,moth,1,1.2539936183331406,2.8993055555555554,0.39999999999999997,0.0,13,2122,12
167,moth,1,1.2472542911093867,2.8802083333333335,0.39999999999999997,0.0,13,2122,12
168,moth,1,1.2502425126312426,2.8871527777777777,0.39999999999999997,0.0,12,2124,12
169,moth,1,1.2481842863201413,2.890625,0.39999999999999997,0.0,13,2130,12
170,moth,1,1.2471008904245562,2.8854166666666665,0.39999999999999997,0.0,13,2132,12
171,moth,1,1.239040873361184,2.876736111111111,0.39999999999999997,0.0,13,2133,11
172,moth,1,1.2341155103119308,2.8663194444444446,0.39999999999999997,0.0,13,2140,11
173,moth,1,1.233090950203182,2.8645833333333335,0.39999999999999997,0.0,13,2140,11
174,moth,1,1.2295101476388994,2.8715277777777777,0.39999999999999997,0.0,12,2144,11
175,moth,1,1.2329195409061917,2.8819444444444446,0.39999999999999997,0.0,12,2146,11
176,moth,1,1.2325500261003024,2.888888888888889,0.39999999999999997,0.0,12,2147,11
177,moth,1,1.2376732268247308,2.8993055555555554,0.39999999999999997,0.0,12,2148,11
178,moth,1,1.2374789297711826,2.904513888888889,0.39999999999999997,0.0,12,2153,11
179,moth,1,1.2338565391594545,2.892361111111111,0.39999999999999997,0.0,12,2154,11
180,moth,1,1.2334658480569884,2.892361111111111,0.39999999999999997,0.0,12,2157,11
181,moth,1,1.229142672819861,2.8802083333333335,0.39999999999999997,0.0,12,2160,11
182,moth,1,1.2178429865272649,2.845486111111111,0.39999999999999997,0.0,12,2164,11
183,moth,1,1.2085340638382258,2.828125,0.39999999999999997,0.0,12,2164,11
184,moth,1,1.2005644277581806,2.8229166666666665,0.39999999999999997,0.0,13,2167,11
185,moth,1,1.1933493795749093,2.796875,0.39999999999999997,0.0,13,2169,11
186,moth,1,1.1904511782777474,2.7934027777777777,0.39999999999999997,0.0,13,2173,11
187,moth,1,1.1854479976142245,2.7847222222222223,0.39999999999999997,0.0,13,2174,11
188,moth,1,1.1706808008429448,2.7621527777777777,0.39999999999999997,0.0,13,2175,11
189,moth,1,1.1704902271355875,2.7552083333333335,0.39999999999999997,0.0,13,2177,11
190,moth,1,1.1517314735799475,2.7083333333333335,0.39999999999999997,0.0,13,2180,11
191,moth,1,1.1479312012884355,2.6875,0.39999999999999997,0.0,13,2184,11
192,moth,1,1.1492199868842152,2.704861111111111,0.39999999999999997,0.0,13,2185,11
193,moth,1,1.152912699992493,2.6961805555555554,0.39999999999999997,0.0,13,2185,11
194,moth,1,1.1470387896800782,2.6961805555555554,0.39999999999999997,0.0,14,2185,11
195,moth,1,1.143037677419507,2.6944444444444446,0.39999999999999997,0.0,14,2186,11
196,moth,1,1.141619346687221,2.6840277777777777,0.39999999999999997,0.0,14,2186,11
197,moth,1,1.140473704998464,2.6840277777777777,0.39999999999999997,0.0,14,2186,11
198,moth,1,1.1438134163380602,2.6805555555555554,0.39999999999999997,0.0,13,2186,11
199,moth,1,1.1411365043759165,2.6822916666666665,0.39999999999999997,0.0,13,2186,11
200,moth,1,1.1481604270731856,2.689236111111111,0.39999999999999997,0.0,13,2189,11
201,moth,1,1.1379994692850708,2.670138888888889,0.39999999999999997,0.0,13,2190,11
202,moth,1,1.1326868346058785,2.6597222222222223,0.39999999999999997,0.0,13,2191,11
203,moth,1,1.1342418046057705,2.6597222222222223,0.39999999999999997,0.0,13,2193,11
204,moth,1,1.1417003992232206,2.6527777777777777,0.39999999999999997,0.0,13,2194,11
205,moth,1,1.1398930979071824,2.6684027777777777,0.39999999999999997,0.0,13,2197,10
206,moth,1,1.1343933897976977,2.6493055555555554,0.39999999999999997,0.0,13,2197,10
207,moth,1,1.136153424345215,2.6510416666666665,0.39999999999999997,0.0,13,2197,10
208,moth,1,1.128277958330242,2.638888888888889,0.39999999999999997,0.0,13,2200,9
209,moth,1,1.1307092908710308,2.6284722222222223,0.39999999999999997,0.0,14,2200,9
210,moth,1,1.1289262320987101,2.640625,0.39999999999999997,0.0,14,2200,9
211,moth,1,1.1252677297278366,2.640625,0.39999999999999997,0.0,14,2201,9
212,moth,1,1.1260816245612884,2.640625,0.39999999999999997,0.0,14,2201,9
213,moth,1,1.1265643573213309,2.6302083333333335,0.39999999999999997,0.0,14,2204,9
214,moth,1,1.1233949550410063,2.607638888888889,0.39999999999999997,0.0,14,2207,9
215,moth,1,1.1225536636247344,2.609375,0.39999999999999997,0.0,14,2207,9
216,moth,1,1.1220017248795444,2.609375,0.39999999999999997,0.0,14,2210,9
217,moth,1,1.1244463287620365,2.6163194444444446,0.39999999999999997,0.0,14,2214,9
218,moth,1,1.1264216499874535,2.626736111111111,0.39999999999999997,0.0,14,2215,9
219,moth,1,1.1235967445874873,2.6197916666666665,0.39999999999999997,0.0,14,2216,9
220,moth,1,1.1241572848763948,2.6215277777777777,0.39999999999999997,0.0,13,2216,9
221,moth,1,1.1241572848763948,2.6215277777777777,0.39999999999999997,0.0,13,2220,9
222,moth,1,1.1234834155297633,2.626736111111111,0.39999999999999997,0.0,13,2221,9
223,moth,1,1.1258298999491758,2.640625,0.39999999999999997,0.0,13,2222,9
224,moth,1,1.120789814676251,2.6284722222222223,0.39999999999999997,0.0,13,2223,9
225,moth,1,1.114870917396761,2.6180555555555554,0.39999999999999997,0.0,14,2225,9
226,moth,1,1.1215520528336822,2.6302083333333335,0.39999999999999997,0.0,14,2226,9
227,moth,1,1.1363144057618133,2.6597222222222223,0.39999999999999997,0.0,13,2226,10
228,moth,1,1.1368541587241636,2.6753472222222223,0.39999999999999997,0.0,13,2226,10
229,moth,1,1.1350376496129153,2.685763888888889,0.39999999999999997,0.0,13,2228,10
230,moth,1,1.1352918494463928,2.6927083333333335,0.39999999999999997,0.0,13,2229,10
231,moth,1,1.135299531289445,2.6909722222222223,0.39999999999999997,0.0,13,2231,10
232,moth,1,1.140977560986608,2.7118055555555554,0.39999999999999997,0.0,13,2232,10
233,moth,1,1.140922004986901,2.7152777777777777,0.39999999999999997,0.0,13,2233,10
234,moth,1,1.1364714718543265,2.7430555555555554,0.39999999999999997,0.0,13,2234,10
235,moth,1,1.13546814797157,2.736111111111111,0.39999999999999997,0.0,13,2234,10
236,moth,1,1.1385550561505304,2.7274305555555554,0.39999999999999997,0.0,13,2234,10
237,moth,1,1.131400948710964,2.7274305555555554,0.39999999999999997,0.0,14,2234,10
238,moth,1,1.1293141637335269,2.7222222222222223,0.39999999999999997,0.0,14,2234,10
239,moth,1,1.1330355520839388,2.7430555555555554,0.39999999999999997,0.0,15,2234,10
240,moth,1,1.1347033909465396,2.7465277777777777,0.39999999999999997,0.0,15,2236,10
1,moth,2,-0.0,1.0,0.7521856066669443,0.2842654074149133,0,576,1
2,moth,2,0.14810474253210967,1.1458333333333333,0.7435711861036733,0.2793526715253574,13,602,6
3,moth,2,0.23060483467898724,1.2552083333333333,0.734927956212549,0.2755405215435663,12,626,6
4,moth,2,0.3243497582954487,1.3836805555555556,0.7262705168192126,0.2724510551413417,12,650,8
5,moth,2,0.39272841937404074,1.4756944444444444,0.7176061377164615,0.26984251947917404,12,673,8
6,moth,2,0.4506642832154021,1.5642361111111112,0.7089334845816078,0.2675670293955342,12,696,8
7,moth,2,0.4982785205958979,1.6475694444444444,0.7002313319172117,0.26538899218839423,12,719,8
8,moth,2,0.5408212896061552,1.7083333333333333,0.6915135491157876,0.2635410186400817,13,739,8
9,moth,2,0.5958645054591649,1.7743055555555556,0.6827810432196388,0.2617935715276762,13,764,8
10,moth,2,0.6570437422234299,1.8489583333333333,0.6740469070467348,0.2601638893389065,13,787,9
11,moth,2,0.6967582981035527,1.9166666666666667,0.6653092326468314,0.2586864939038221,13,808,9
12,moth,2,0.7404725843220595,1.9774305555555556,0.6565678577430933,0.25726751408710236,13,831,9
13,moth,2,0.7709323572419099,2.0243055555555554,0.6478094417249072,0.2558632360504103,13,853,9
14,moth,2,0.8055466018135922,2.079861111111111,0.6390504276586053,0.2545293469934169,13,876,9
15,moth,2,0.836343584887842,2.1458333333333335,0.6302841592369157,0.2532894740610924,13,898,9
16,moth,2,0.8677121300484517,2.2118055555555554,0.621508141972295,0.25208012410021635,13,919,9
17,moth,2,0.8884365986883015,2.2447916666666665,0.6127314138244485,0.25096979659558427,13,941,9
18,moth,2,0.9140223101939742,2.2743055555555554,0.603953660016216,0.24986272442696233,13,961,9
19,moth,2,0.9355083774503583,2.3055555555555554,0.595170120426618,0.24879217064571252,12,983,9
20,moth,2,0.9588273559339328,2.34375,0.5863927588742106,0.24761909940063356,12,1003,9
21,moth,2,0.9795407712351953,2.3628472222222223,0.5776461241211849,0.24621188939328587,12,1022,9
22,moth,2,0.9910490922905492,2.3802083333333335,0.5689676706622069,0.24431287121958364,11,1036,9
23,moth,2,1.0062042712895316,2.40625,0.5603974707661038,0.2415533046523158,11,1052,9
24,moth,2,1.0163787909759001,2.4288194444444446,0.5519560515504791,0.23787845436390181,10,1065,9
25,moth,2,1.0219787830841838,2.4461805555555554,0.5436854746485137,0.23306639078239252,10,1081,9
26,moth,2,1.0250616167581303,2.4618055555555554,0.535600233637521,0.22720763938220706,10,1094,9
27,moth,2,1.0403826142945485,2.482638888888889,0.5277415117388323,0.22023444565631808,11,1112,9
28,moth,2,1.0550345568392743,2.515625,0.5201563328700148,0.21193629963587235,10,1125,9
29,moth,2,1.062049676403905,2.5416666666666665,0.5128556409037803,0.20244096272902976,10,1140,9
30,moth,2,1.0646390064533213,2.5503472222222223,0.505801075953793,0.1921601064389613,10,1153,9
31,moth,2,1.0716540149715954,2.576388888888889,0.4989952267062312,0.18123499912613253,10,1167,9
32,moth,2,1.0851887623043168,2.6059027777777777,0.49243617604246465,0.16980894891673262,10,1183,9
33,moth,2,1.096275507406668,2.642361111111111,0.4861116309528858,0.15811444330516483,10,1196,9
34,moth,2,1.1088884543191497,2.6822916666666665,0.48004186692729517,0.1461493438692083,10,1207,9
35,moth,2,1.1191954927924153,2.703125,0.4741751570734196,0.13423524141884943,10,1223,9
36,moth,2,1.12886102424397,2.7274305555555554,0.46852570543714356,0.12241140182266191,10,1238,9
37,moth,2,1.1411014641165238,2.7621527777777777,0.4630487987630264,0.11094212445147417,10,1246,9
38,moth,2,1.147940862426443,2.7864583333333335,0.4577519488381557,0.09985237773242063,10,1252,9
39,moth,2,1.1565545227877219,2.8038194444444446,0.4526339982318631,0.0892079393328224,9,1266,9
40,moth,2,1.1722174515206654,2.8368055555555554,0.44770414400345065,0.07905503270509862,9,1276,10
41,moth,2,1.1830721004561433,2.8541666666666665,0.44294782900812635,0.06946980151731842,9,1286,10
42,moth,2,1.1905451996814331,2.8819444444444446,0.43838413971786366,0.06043947516898027,10,1300,10
43,moth,2,1.202001786753203,2.9131944444444446,0.4339965873732866,0.05208489027047261,10,1314,10
44,moth,2,1.2044401513835132,2.923611111111111,0.42983714626853636,0.04433131885962739,10,1329,10
45,moth,2,1.2138117969279403,2.953125,0.4258826114236196,0.037254608891331004,10,1344,10
46,moth,2,1.2208646224722373,2.9635416666666665,0.42218296777788494,0.030813942872896762,11,1360,10
47,moth,2,1.2264956503172333,2.9739583333333335,0.41878028458758054,0.025012478102154834,11,1373,10
48,moth,2,1.231793276673689,3.0,0.41570182725642124,0.01981903048663054,11,1383,10
49,moth,2,1.2377474731752265,3.017361111111111,0.41292875676878155,0.01528698406228413,11,1397,10
50,moth,2,1.2409387406666639,3.0347222222222223,0.4104288854724052,0.011424332448190053,11,1409,10
51,moth,2,1.2409943356267183,3.0381944444444446,0.4081873164759887,0.008216994169132257,11,1419,10
52,moth,2,1.245797681545352,3.0364583333333335,0.406217964046316,0.00561586632180858,12,1431,10
53,moth,2,1.23831857488917,3.0225694444444446,0.4045185347255145,0.00360468336922159,12,1437,10
54,moth,2,1.2386919972748363,3.0104166666666665,0.4030835812103359,0.0021134782248990406,12,1446,10
55,moth,2,1.2417489036970042,3.013888888888889,0.4018968892782822,0.001105249902551257,12,1457,10
56,moth,2,1.248878863299337,3.0190972222222223,0.4010450626993842,0.0004974899423073066,12,1467,10
57,moth,2,1.25930352189502,3.032986111111111,0.40047928510401165,0.00017155883208516727,10,1477,10
58,moth,2,1.261537133867302,3.03125,0.4001578727168763,3.557347134597489e-05,10,1488,10
59,moth,2,1.2559124087124027,3.0260416666666665,0.4000138764404994,9.98669380293529e-07,10,1497,10
60,moth,2,1.2586956178398758,3.0364583333333335,0.39999999999999997,0.0,10,1508,10
61,moth,2,1.2595273765890946,3.0399305555555554,0.39999999999999997,0.0,10,1517,10
62,moth,2,1.2657647137881924,3.046875,0.39999999999999997,0.0,10,1530,10
63,moth,2,1.2652404448532133,3.046875,0.39999999999999997,0.0,10,1538,10
64,moth,2,1.2633371960473785,3.0399305555555554,0.39999999999999997,0.0,10,1547,10
65,moth,2,1.263072549558845,3.0399305555555554,0.39999999999999997,0.0,10,1552,10
66,moth,2,1.2749080354468783,3.0572916666666665,0.39999999999999997,0.0,10,1562,10
67,moth,2,1.2794895782645963,3.0694444444444446,0.39999999999999997,0.0,10,1573,10
68,moth,2,1.2847331450488941,3.078125,0.39999999999999997,0.0,10,1583,10
69,moth,2,1.2836185726445564,3.078125,0.39999999999999997,0.0,10,1588,10
70,moth,2,1.2821720807468462,3.0850694444444446,0.39999999999999997,0.0,10,1600,10
71,moth,2,1.2837340766617595,3.0677083333333335,0.39999999999999997,0.0,10,1607,10
72,moth,2,1.2853052905599829,3.0625,0.39999999999999997,0.0,10,1621,10
73,moth,2,1.290205264918678,3.0815972222222223,0.39999999999999997,0.0,9,1630,10
74,moth,2,1.291152050246691,3.0815972222222223,0.39999999999999997,0.0,9,1640,10
75,moth,2,1.2956091709554243,3.095486111111111,0.39999999999999997,0.0,9,1650,10
76,moth,2,1.3015319348293137,3.107638888888889,0.39999999999999997,0.0,9,1658,10
77,moth,2,1.3034628287353218,3.1163194444444446,0.39999999999999997,0.0,9,1667,10
78,moth,2,1.3082290836451889,3.125,0.39999999999999997,0.0,8,1676,10
79,moth,2,1.3091369650248463,3.1180555555555554,0.39999999999999997,0.0,8,1683,10
80,moth,2,1.3110169778791134,3.1197916666666665,0.39999999999999997,0.0,8,1689,10
81,moth,2,1.3094024056619609,3.111111111111111,0.39999999999999997,0.0,8,1694,10
82,moth,2,1.3112731908214446,3.1163194444444446,0.39999999999999997,0.0,8,1700,10
83,moth,2,1.3089225229268597,3.1163194444444446,0.39999999999999997,0.0,9,1708,10
84,moth,2,1.311964653906038,3.1180555555555554,0.39999999999999997,0.0,9,1715,10
85,moth,2,1.3130666290028792,3.1215277777777777,0.39999999999999997,0.0,9,1721,10
86,moth,2,1.3141368941243818,3.1215277777777777,0.39999999999999997,0.0,9,1729,10
87,moth,2,1.3141368941243818,3.109375,0.39999999999999997,0.0,9,1735,10
88,moth,2,1.3110941890357188,3.092013888888889,0.39999999999999997,0.0,9,1737,10
89,moth,2,1.311526224653344,3.092013888888889,0.39999999999999997,0.0,10,1749,10
90,moth,2,1.3165174679489908,3.0972222222222223,0.39999999999999997,0.0,10,1757,10
91,moth,2,1.320552022594921,3.1059027777777777,0.39999999999999997,0.0,10,1764,10
92,moth,2,1.32030174602851,3.1041666666666665,0.39999999999999997,0.0,10,1772,10
93,moth,2,1.3172938149166116,3.0989583333333335,0.39999999999999997,0.0,11,1779,10
94,moth,2,1.3192857890915914,3.1059027777777777,0.39999999999999997,0.0,11,1793,10
95,moth,2,1.3155199988579525,3.0868055555555554,0.39999999999999997,0.0,11,1801,10
96,moth,2,1.3164102759807372,3.0815972222222223,0.39999999999999997,0.0,11,1813,10
97,moth,2,1.3179286973650728,3.0815972222222223,0.39999999999999997,0.0,11,1820,10
98,moth,2,1.3174450876106851,3.0729166666666665,0.39999999999999997,0.0,11,1826,10
99,moth,2,1.3176035196310865,3.079861111111111,0.39999999999999997,0.0,12,1833,10
100,moth,2,1.3123526004633277,3.0659722222222223,0.39999999999999997,0.0,12,1841,10
101,moth,2,1.3137139977288113,3.0590277777777777,0.39999999999999997,0.0,12,1850,10
102,moth,2,1.309342584336349,3.0520833333333335,0.39999999999999997,0.0,12,1860,10
103,moth,2,1.3047471447304444,3.0381944444444446,0.39999999999999997,0.0,12,1868,10
104,moth,2,1.3027208740415799,3.0364583333333335,0.39999999999999997,0.0,12,1878,10
105,moth,2,1.3009063729689794,3.0347222222222223,0.39999999999999997,0.0,12,1891,10
106,moth,2,1.3023577536177853,3.0347222222222223,0.39999999999999997,0.0,12,1901,10
107,moth,2,1.304680508657951,3.0416666666666665,0.39999999999999997,0.0,12,1908,10
108,moth,2,1.309007776203446,3.046875,0.39999999999999997,0.0,12,1910,10
109,moth,2,1.3095744963288654,3.046875,0.39999999999999997,0.0,12,1918,10
110,moth,2,1.3075623879888552,3.0520833333333335,0.39999999999999997,0.0,12,1925,10
111,moth,2,1.307088134890602,3.0625,0.39999999999999997,0.0,12,1930,10
112,moth,2,1.3109039922379728,3.0850694444444446,0.39999999999999997,0.0,12,1938,10
113,moth,2,1.3056175528920673,3.079861111111111,0.39999999999999997,0.0,12,1945,10
114,moth,2,1.3106412100789597,3.0850694444444446,0.39999999999999997,0.0,14,1953,10
115,moth,2,1.3128755159537209,3.0902777777777777,0.39999999999999997,0.0,14,1956,10
116,moth,2,1.3190364961736427,3.109375,0.39999999999999997,0.0,14,1966,10
117,moth,2,1.3208063508102101,3.0972222222222223,0.39999999999999997,0.0,15,1971,10
118,moth,2,1.3288701384458734,3.1215277777777777,0.39999999999999997,0.0,16,1983,10
119,moth,2,1.3293316594661169,3.1319444444444446,0.39999999999999997,0.0,16,1989,10
120,moth,2,1.3195361438635345,3.1059027777777777,0.39999999999999997,0.0,16,1994,10
121,moth,2,1.3162076479697138,3.09375,0.39999999999999997,0.0,16,1996,10
122,moth,2,1.3154142576551342,3.092013888888889,0.39999999999999997,0.0,16,2000,10
123,moth,2,1.3073871640461485,3.0902777777777777,0.39999999999999997,0.0,16,2006,10
124,moth,2,1.3103227574981997,3.079861111111111,0.39999999999999997,0.0,16,2013,10
125,moth,2,1.302774382047746,3.0902777777777777,0.39999999999999997,0.0,16,2018,10
126,moth,2,1.298891543434686,3.0815972222222223,0.39999999999999997,0.0,16,2023,10
127,moth,2,1.3011997018620016,3.0850694444444446,0.39999999999999997,0.0,16,2027,10
128,moth,2,1.3044428666930759,3.0850694444444446,0.39999999999999997,0.0,15,2030,10
129,moth,2,1.3047150130061766,3.0833333333333335,0.39999999999999997,0.0,15,2035,10
130,moth,2,1.3037639315608431,3.0885416666666665,0.39999999999999997,0.0,15,2038,10
131,moth,2,1.3070728457729668,3.09375,0.39999999999999997,0.0,15,2044,10
132,moth,2,1.3082940542518715,3.107638888888889,0.39999999999999997,0.0,15,2048,10
133,moth,2,1.3128827330935673,3.123263888888889,0.39999999999999997,0.0,15,2056,10
134,moth,2,1.3060319281073463,3.111111111111111,0.39999999999999997,0.0,15,2057,10
135,moth,2,1.309115677345224,3.125,0.39999999999999997,0.0,15,2061,10
136,moth,2,1.2976410337464968,3.1006944444444446,0.39999999999999997,0.0,15,2064,10
137,moth,2,1.2962523291552766,3.1215277777777777,0.39999999999999997,0.0,15,2067,10
138,moth,2,1.3005857856472927,3.123263888888889,0.39999999999999997,0.0,15,2072,10
139,moth,2,1.2989942860756527,3.126736111111111,0.39999999999999997,0.0,15,2078,10
140,moth,2,1.293006582827355,3.1371527777777777,0.39999999999999997,0.0,15,2081,10
141,moth,2,1.2885361518942031,3.123263888888889,0.39999999999999997,0.0,15,2088,10
142,moth,2,1.2890837078928268,3.111111111111111,0.39999999999999997,0.0,15,2091,10
143,moth,2,1.2929879794011434,3.1128472222222223,0.39999999999999997,0.0,15,2094,10
144,moth,2,1.2907527327530928,3.1145833333333335,0.39999999999999997,0.0,14,2100,10
145,moth,2,1.2942418826490507,3.1302083333333335,0.39999999999999997,0.0,14,2103,10
146,moth,2,1.2984217328764336,3.1319444444444446,0.39999999999999997,0.0,14,2107,10
147,moth,2,1.3022859130190456,3.138888888888889,0.39999999999999997,0.0,14,2113,10
148,moth,2,1.3059580879033381,3.1527777777777777,0.39999999999999997,0.0,14,2116,10
149,moth,2,1.3021535863556322,3.1475694444444446,0.39999999999999997,0.0,14,2120,10
150,moth,2,1.2953539975920574,3.1475694444444446,0.39999999999999997,0.0,14,2126,10
151,moth,2,1.297381057563988,3.1510416666666665,0.39999999999999997,0.0,14,2127,10
152,moth,2,1.3019518302564497,3.1649305555555554,0.39999999999999997,0.0,13,2133,10
153,moth,2,1.302171602018257,3.1649305555555554,0.39999999999999997,0.0,13,2137,10
154,moth,2,1.2970059853891436,3.1354166666666665,0.39999999999999997,0.0,13,2139,10
155,moth,2,1.299105785606573,3.15625,0.39999999999999997,0.0,13,2140,10
156,moth,2,1.2971838290806004,3.1527777777777777,0.39999999999999997,0.0,13,2144,10
157,moth,2,1.2987802775533808,3.1510416666666665,0.39999999999999997,0.0,13,2148,10
158,moth,2,1.2924925755493895,3.1510416666666665,0.39999999999999997,0.0,13,2153,9
159,moth,2,1.2909680458281223,3.1458333333333335,0.39999999999999997,0.0,13,2153,9
160,moth,2,1.2930801244744188,3.142361111111111,0.39999999999999997,0.0,13,2154,9
161,moth,2,1.2963439762168498,3.1475694444444446,0.39999999999999997,0.0,13,2161,9
162,moth,2,1.2956887628400113,3.1336805555555554,0.39999999999999997,0.0,13,2162,9
163,moth,2,1.2921737318151638,3.1284722222222223,0.39999999999999997,0.0,13,2162,9
164,moth,2,1.2939838672766713,3.1336805555555554,0.39999999999999997,0.0,13,2165,9
165,moth,2,1.2954255695619497,3.123263888888889,0.39999999999999997,0.0,13,2171,9
166,moth,2,1.305299130571143,3.1440972222222223,0.39999999999999997,0.0,13,2174,9
167,moth,2,1.3003947425927707,3.140625,0.39999999999999997,0.0,13,2178,9
168,moth,2,1.3053380601064783,3.1354166666666665,0.39999999999999997,0.0,13,2181,9
169,moth,2,1.3025366034018553,3.125,0.39999999999999997,0.0,13,2183,9
170,moth,2,1.3013497852774858,3.138888888888889,0.39999999999999997,0.0,13,2184,9
171,moth,2,1.3035514602298965,3.1458333333333335,0.39999999999999997,0.0,12,2186,9
172,moth,2,1.3043703314933968,3.154513888888889,0.39999999999999997,0.0,12,2187,9
173,moth,2,1.3036502822015126,3.1354166666666665,0.39999999999999997,0.0,12,2189,9
174,moth,2,1.3056698957191284,3.1336805555555554,0.39999999999999997,0.0,12,2190,9
175,moth,2,1.3069031369386424,3.142361111111111,0.39999999999999997,0.0,12,2194,9
176,moth,2,1.3014715126408865,3.1128472222222223,0.39999999999999997,0.0,12,2194,9
177,moth,2,1.2990260190841405,3.107638888888889,0.39999999999999997,0.0,12,2195,9
178,moth,2,1.2975127125268122,3.1128472222222223,0.39999999999999997,0.0,12,2196,9
179,moth,2,1.3010966853849526,3.1180555555555554,0.39999999999999997,0.0,12,2196,9
180,moth,2,1.3016880571426577,3.111111111111111,0.39999999999999997,0.0,12,2197,9
181,moth,2,1.3044411411442585,3.1128472222222223,0.39999999999999997,0.0,12,2198,9
182,moth,2,1.2990988719303127,3.111111111111111,0.39999999999999997,0.0,12,2200,9
183,moth,2,1.3002969191565514,3.109375,0.39999999999999997,0.0,12,2202,9
184,moth,2,1.289944272658286,3.0868055555555554,0.39999999999999997,0.0,12,2205,9
185,moth,2,1.290755369820864,3.0850694444444446,0.39999999999999997,0.0,12,2205,9
186,moth,2,1.2889005220210055,3.0659722222222223,0.39999999999999997,0.0,11,2206,9
187,moth,2,1.2870191176702857,3.0572916666666665,0.39999999999999997,0.0,11,2207,9
188,moth,2,1.2910205365714718,3.060763888888889,0.39999999999999997,0.0,12,2208,9
189,moth,2,1.2953639350987591,3.078125,0.39999999999999997,0.0,12,2213,9
190,moth,2,1.298902009992308,3.0746527777777777,0.39999999999999997,0.0,11,2215,9
191,moth,2,1.2963942011912628,3.0677083333333335,0.39999999999999997,0.0,11,2215,9
192,moth,2,1.2964345238247794,3.0746527777777777,0.39999999999999997,0.0,11,2215,9
193,moth,2,1.2969820718625156,3.0746527777777777,0.39999999999999997,0.0,11,2220,9
194,moth,2,1.2960257662405192,3.076388888888889,0.39999999999999997,0.0,11,2220,9
195,moth,2,1.2950488395343565,3.060763888888889,0.39999999999999997,0.0,11,2222,9
196,moth,2,1.291685239737938,3.048611111111111,0.39999999999999997,0.0,10,2224,9
197,moth,2,1.2905053962169828,3.0572916666666665,0.39999999999999997,0.0,10,2224,9
198,moth,2,1.2863220383317988,3.032986111111111,0.39999999999999997,0.0,10,2224,9
199,moth,2,1.2807817083530293,3.0190972222222223,0.39999999999999997,0.0,10,2226,9
200,moth,2,1.2851174261889444,3.0208333333333335,0.39999999999999997,0.0,10,2226,9
201,moth,2,1.2816770426588842,3.0121527777777777,0.39999999999999997,0.0,10,2226,9
202,moth,2,1.2835563229292575,3.0208333333333335,0.39999999999999997,0.0,10,2228,9
203,moth,2,1.2825141513042695,3.013888888888889,0.39999999999999997,0.0,10,2228,9
204,moth,2,1.285760036600646,3.0416666666666665,0.39999999999999997,0.0,10,2230,9
205,moth,2,1.2861756996340987,3.045138888888889,0.39999999999999997,0.0,10,2233,9
206,moth,2,1.2771876276432454,3.029513888888889,0.39999999999999997,0.0,10,2233,9
207,moth,2,1.2707401214159049,3.0121527777777777,0.39999999999999997,0.0,10,2234,9
208,moth,2,1.2690833289072079,3.0069444444444446,0.39999999999999997,0.0,10,2235,9
209,moth,2,1.2707427433524832,3.0034722222222223,0.39999999999999997,0.0,10,2235,9
210,moth,2,1.2673293453587684,2.998263888888889,0.39999999999999997,0.0,10,2235,9
211,moth,2,1.2632887702755224,2.9895833333333335,0.39999999999999997,0.0,11,2235,9
212,moth,2,1.261964671886526,2.986111111111111,0.39999999999999997,0.0,11,2237,9
213,moth,2,1.2602248285997297,2.9947916666666665,0.39999999999999997,0.0,11,2241,9
214,moth,2,1.2544973442091967,2.9913194444444446,0.39999999999999997,0.0,11,2241,9
215,moth,2,1.248965654829659,2.967013888888889,0.39999999999999997,0.0,11,2241,9
216,moth,2,1.2459456214883198,2.9565972222222223,0.39999999999999997,0.0,11,2242,9
217,moth,2,1.2408388503059617,2.951388888888889,0.39999999999999997,0.0,11,2243,9
218,moth,2,1.2462740614992172,2.9635416666666665,0.39999999999999997,0.0,11,2245,9
219,moth,2,1.2501815349084966,2.9739583333333335,0.39999999999999997,0.0,11,2245,9
220,moth,2,1.248763914134006,2.970486111111111,0.39999999999999997,0.0,11,2246,9
221,moth,2,1.2453546899760943,2.951388888888889,0.39999999999999997,0.0,11,2247,9
222,moth,2,1.2498059717051506,2.9565972222222223,0.39999999999999997,0.0,11,2247,9
223,moth,2,1.2520734076064866,2.9583333333333335,0.39999999999999997,0.0,11,2248,9
224,moth,2,1.2517888542132949,2.9583333333333335,0.39999999999999997,0.0,11,2252,9
225,moth,2,1.2525913035587184,2.96875,0.39999999999999997,0.0,11,2252,9
226,moth,2,1.2512572446485557,2.9652777777777777,0.39999999999999997,0.0,11,2253,9
227,moth,2,1.258675535859536,2.9809027777777777,0.39999999999999997,0.0,10,2255,10
228,moth,2,1.2545474827340188,2.9496527777777777,0.39999999999999997,0.0,11,2257,10
229,moth,2,1.247225117446135,2.9409722222222223,0.39999999999999997,0.0,11,2257,10
230,moth,2,1.2449766331524237,2.9375,0.39999999999999997,0.0,11,2257,10
231,moth,2,1.2485930175325113,2.953125,0.39999999999999997,0.0,11,2258,10
232,moth,2,1.2474057063806074,2.9461805555555554,0.39999999999999997,0.0,11,2258,10
233,moth,2,1.2482636411714163,2.9427083333333335,0.39999999999999997,0.0,10,2258,10
234,moth,2,1.2490237302949585,2.9461805555555554,0.39999999999999997,0.0,11,2259,10
235,moth,2,1.242753840930268,2.9496527777777777,0.39999999999999997,0.0,11,2261,10
236,moth,2,1.2423782458991666,2.951388888888889,0.39999999999999997,0.0,11,2261,10
237,moth,2,1.239875131727454,2.9427083333333335,0.39999999999999997,0.0,10,2262,10
238,moth,2,1.23978047530566,2.935763888888889,0.39999999999999997,0.0,10,2262,10
239,moth,2,1.2401957836318904,2.9409722222222223,0.39999999999999997,0.0,10,2262,10
240,moth,2,1.241788000390942,2.9409722222222223,0.39999999999999997,0.0,10,2262,10
1,prng,0,-0.0,1.0,0.7524244337085488,0.2843745782468711,0,576,1
2,prng,0,0.13640462065782455,1.1475694444444444,0.7437896279886966,0.27963463386390797,11,598,6
3,prng,0,0.23858546667275762,1.2795138888888888,0.7351468290513139,0.275934880041973,11,620,7
4,prng,0,0.3073240323471352,1.3680555555555556,0.7264841964570854,0.27301461265837434,11,642,7
5,prng,0,0.3714226333058581,1.4600694444444444,0.7178154927255709,0.2704827824917909,11,662,7
6,prng,0,0.4004698157137206,1.5069444444444444,0.7091337356575622,0.26832821564389764,11,680,7
7,prng,0,0.45554469081278626,1.6059027777777777,0.7004357183332317,0.2663231746521052,11,698,7
8,prng,0,0.4955110630791157,1.6753472222222223,0.6917123314478871,0.2644247077692585,11,720,7
9,prng,0,0.5377392250722516,1.7204861111111112,0.6829892075290114,0.26262405538749334,11,738,7
10,prng,0,0.571212494238323,1.75,0.674249037915962,0.26099165004538816,11,759,7
11,prng,0,0.5970269855915159,1.7951388888888888,0.6655054679773195,0.2594666348836814,11,774,7
12,prng,0,0.6235506236577814,1.828125,0.6567537934175838,0.2580109695051055,11,794,7
13,prng,0,0.6630857840309894,1.8715277777777777,0.6479977218286417,0.25666220680495855,12,814,7
14,prng,0,0.690596099088682,1.8958333333333333,0.639239537112777,0.2553818430676302,12,836,7
15,prng,0,0.7192809594521279,1.9253472222222223,0.6304753199253122,0.2541106757914908,12,856,7
16,prng,0,0.731816302430784,1.9340277777777777,0.6217052352852299,0.2529616943339127,12,873,7
17,prng,0,0.757755050926109,1.9652777777777777,0.6129316658706526,0.2518226420665644,12,892,7
18,prng,0,0.776207093260287,1.9895833333333333,0.604151354290195,0.25070003309137184,11,910,7
19,prng,0,0.7930550146257946,2.0104166666666665,0.5953675387971349,0.2496302976433133,11,924,7
20,prng,0,0.8143375650546533,2.0225694444444446,0.5865937241093767,0.24847874390794475,11,943,7
21,prng,0,0.8236695002463201,2.032986111111111,0.5778463050015223,0.2470795827730232,11,958,7
22,prng,0,0.8423986864796519,2.0520833333333335,0.5691587159113538,0.2451856078641382,12,975,7
23,prng,0,0.8761158287786293,2.0989583333333335,0.5605627865327485,0.24260635670051459,12,995,8
24,prng,0,0.890583657890033,2.126736111111111,0.5520929082167729,0.2391324285739008,13,1016,8
25,prng,0,0.9142747716927132,2.1666666666666665,0.5437944641462011,0.2345679755599384,13,1032,9
26,prng,0,0.9358439040461641,2.2083333333333335,0.5356903085710765,0.2288542886047643,13,1050,9
27,prng,0,0.9501852085934225,2.2309027777777777,0.5278171912531748,0.22190952242238177,13,1069,9
28,prng,0,0.9650074197476901,2.2621527777777777,0.5202131961110346,0.21365712571605444,13,1087,9
29,prng,0,0.9791103200309614,2.3055555555555554,0.5129005984477513,0.20418811677367787,13,1104,9
30,prng,0,0.9936728075131182,2.3402777777777777,0.5058222930484758,0.19402251714246685,13,1117,9
31,prng,0,1.0050392656835225,2.3680555555555554,0.4990129995739591,0.18308362199197178,13,1136,9
32,prng,0,1.0139298637916312,2.3975694444444446,0.49244780784489584,0.1716665880363554,13,1153,9
33,prng,0,1.0243850970365587,2.423611111111111,0.48613532238010065,0.15986353061045044,13,1169,9
34,prng,0,1.0290942773335152,2.4496527777777777,0.4800610852749615,0.14786605348242005,12,1182,9
35,prng,0,1.0353306164153129,2.4583333333333335,0.4742120588391334,0.13582732338930603,13,1200,9
36,prng,0,1.0576313837005942,2.5190972222222223,0.46855714536382304,0.12397554709630487,13,1217,9
37,prng,0,1.0623775586899822,2.5364583333333335,0.46309964450570584,0.11237779147554727,13,1232,9
38,prng,0,1.067707426003807,2.5625,0.4578150344641583,0.10117415164296392,13,1247,9
39,prng,0,1.077930353704456,2.5850694444444446,0.4527221551636342,0.09039708685929354,12,1264,9
40,prng,0,1.0856076772885126,2.6041666666666665,0.44781154070567086,0.08012724328144102,12,1272,9
41,prng,0,1.0861649673667217,2.6145833333333335,0.4430822268171602,0.07042656055806083,12,1284,9
42,prng,0,1.0842986756834707,2.5972222222222223,0.4385506697877953,0.06128593299350235,12,1296,9
43,prng,0,1.0911602526786137,2.6024305555555554,0.43418916418345394,0.052820167339682235,12,1312,9
44,prng,0,1.0882874520707086,2.6006944444444446,0.43004524313759956,0.04497784983723772,12,1325,9
45,prng,0,1.091848287860192,2.6197916666666665,0.4261096992694589,0.03782137006982126,12,1339,9
46,prng,0,1.1078621065338268,2.6527777777777777,0.4224314646949334,0.0313118003649787,11,1352,9
47,prng,0,1.109414382118184,2.654513888888889,0.4190388363718904,0.02544211640602588,11,1364,9
48,prng,0,1.1180335760552347,2.6805555555555554,0.415961909510502,0.02019514441916139,11,1378,9
49,prng,0,1.12347166201489,2.703125,0.4131679510648079,0.015610217719831695,10,1389,9
50,prng,0,1.1289414382382819,2.7256944444444446,0.4106424353541709,0.011690283908675268,10,1400,9
51,prng,0,1.148649338917475,2.7690972222222223,0.4083759764681045,0.008412755649662715,11,1407,9
52,prng,0,1.1561542904446034,2.796875,0.4063817649501829,0.005777307772274404,11,1419,9
53,prng,0,1.1588837719263851,2.826388888888889,0.40464979791864064,0.0037255701374673614,11,1433,9
54,prng,0,1.165465208452464,2.8315972222222223,0.4031906529027019,0.002205864523556572,11,1446,9
55,prng,0,1.1698305073535413,2.8524305555555554,0.4019901164988257,0.001170467226738927,11,1456,9
56,prng,0,1.1768116247259615,2.857638888888889,0.4011047409962174,0.0005298861611203825,11,1466,9
57,prng,0,1.1791594124494982,2.8663194444444446,0.40051444887847765,0.00018830901998968317,11,1479,9
58,prng,0,1.185666035094893,2.904513888888889,0.40017489182153293,4.074164779598931e-05,11,1489,9
59,prng,0,1.1868001820254177,2.923611111111111,0.40001781191053754,1.3227891214107e-06,11,1500,9
60,prng,0,1.1937482083475035,2.953125,0.39999999999999997,0.0,10,1507,9
61,prng,0,1.2004773140120768,2.9774305555555554,0.39999999999999997,0.0,10,1518,9
62,prng,0,1.2056219622022264,2.9930555555555554,0.39999999999999997,0.0,10,1530,9
63,prng,0,1.2087170326269847,3.0121527777777777,0.39999999999999997,0.0,10,1543,9
64,prng,0,1.2116152213091256,3.029513888888889,0.39999999999999997,0.0,10,1557,9
65,prng,0,1.2138159653578118,3.0364583333333335,0.39999999999999997,0.0,10,1571,9
66,prng,0,1.2096030904347554,3.045138888888889,0.39999999999999997,0.0,9,1579,9
67,prng,0,1.211991266026462,3.045138888888889,0.39999999999999997,0.0,9,1584,9
68,prng,0,1.212915771108282,3.0520833333333335,0.39999999999999997,0.0,9,1595,9
69,prng,0,1.2144141848288912,3.0503472222222223,0.39999999999999997,0.0,9,1603,9
70,prng,0,1.2179254067312868,3.060763888888889,0.39999999999999997,0.0,9,1613,9
71,prng,0,1.2202067788538418,3.0694444444444446,0.39999999999999997,0.0,10,1621,9
72,prng,0,1.2244244909613031,3.0833333333333335,0.39999999999999997,0.0,10,1629,9
73,prng,0,1.2277732433204094,3.0868055555555554,0.39999999999999997,0.0,10,1643,9
74,prng,0,1.2252483440603077,3.0815972222222223,0.39999999999999997,0.0,10,1657,9
75,prng,0,1.2225066246062335,3.078125,0.39999999999999997,0.0,10,1666,9
76,prng,0,1.2276352662181338,3.0868055555555554,0.39999999999999997,0.0,10,1678,9
77,prng,0,1.2268899763445782,3.0885416666666665,0.39999999999999997,0.0,10,1684,9
78,prng,0,1.2206578801609274,3.0729166666666665,0.39999999999999997,0.0,10,1695,9
79,prng,0,1.2237732802429484,3.0885416666666665,0.39999999999999997,0.0,10,1707,9
80,prng,0,1.2258505770406856,3.0972222222222223,0.39999999999999997,0.0,10,1719,9
81,prng,0,1.2276650041815813,3.0989583333333335,0.39999999999999997,0.0,10,1730,9
82,prng,0,1.2223680775094616,3.0902777777777777,0.39999999999999997,0.0,10,1741,9
83,prng,0,1.2341890392673422,3.109375,0.39999999999999997,0.0,10,1751,9
84,prng,0,1.233179889261749,3.109375,0.39999999999999997,0.0,10,1757,9
85,prng,0,1.2347610500916983,3.1128472222222223,0.39999999999999997,0.0,10,1766,9
86,prng,0,1.23838649533353,3.1180555555555554,0.39999999999999997,0.0,10,1772,9
87,prng,0,1.2385910007991894,3.1180555555555554,0.39999999999999997,0.0,10,1780,9
88,prng,0,1.2371512909490447,3.1128472222222223,0.39999999999999997,0.0,10,1788,9
89,prng,0,1.2358302480540715,3.1128472222222223,0.39999999999999997,0.0,10,1794,9
90,prng,0,1.2332319435877803,3.095486111111111,0.39999999999999997,0.0,10,1801,9
91,prng,0,1.2364533036906624,3.1006944444444446,0.39999999999999997,0.0,10,1812,9
92,prng,0,1.2368106181417322,3.1006944444444446,0.39999999999999997,0.0,10,1820,9
93,prng,0,1.2344760420084704,3.1024305555555554,0.39999999999999997,0.0,10,1828,9
94,prng,0,1.2386889884344643,3.109375,0.39999999999999997,0.0,10,1837,9
95,prng,0,1.237247827489724,3.109375,0.39999999999999997,0.0,10,1843,9
96,prng,0,1.239415162788516,3.109375,0.39999999999999997,0.0,10,1849,9
97,prng,0,1.242548434957498,3.109375,0.39999999999999997,0.0,10,1857,9
98,prng,0,1.2478305638830345,3.1180555555555554,0.39999999999999997,0.0,10,1860,9
99,prng,0,1.2434508502120545,3.111111111111111,0.39999999999999997,0.0,10,1863,9
100,prng,0,1.2457777742106038,3.123263888888889,0.39999999999999997,0.0,10,1868,9
101,prng,0,1.248247935852644,3.1284722222222223,0.39999999999999997,0.0,10,1875,9
102,prng,0,1.2443393668310538,3.1180555555555554,0.39999999999999997,0.0,10,1882,9
103,prng,0,1.2462965006882365,3.1197916666666665,0.39999999999999997,0.0,10,1888,9
104,prng,0,1.2432561610836164,3.109375,0.39999999999999997,0.0,10,1893,9
105,prng,0,1.244094395607892,3.111111111111111,0.39999999999999997,0.0,10,1898,9
106,prng,0,1.2398088852715339,3.095486111111111,0.39999999999999997,0.0,10,1903,9
107,prng,0,1.2409393190679714,3.095486111111111,0.39999999999999997,0.0,10,1907,9
108,prng,0,1.2421794284906402,3.1024305555555554,0.39999999999999997,0.0,10,1915,9
109,prng,0,1.246392031881031,3.1059027777777777,0.39999999999999997,0.0,10,1918,9
110,prng,0,1.2463702374239127,3.1059027777777777,0.39999999999999997,0.0,10,1924,9
111,prng,0,1.2459776732593197,3.107638888888889,0.39999999999999997,0.0,10,1931,9
112,prng,0,1.2467316675831648,3.1024305555555554,0.39999999999999997,0.0,10,1935,9
113,prng,0,1.246318701433791,3.1024305555555554,0.39999999999999997,0.0,10,1941,9
114,prng,0,1.2441903593049481,3.0972222222222223,0.39999999999999997,0.0,10,1945,9
115,prng,0,1.244629853912665,3.0850694444444446,0.39999999999999997,0.0,10,1949,9
116,prng,0,1.2409271782691025,3.0729166666666665,0.39999999999999997,0.0,10,1952,9
117,prng,0,1.239583099120923,3.064236111111111,0.39999999999999997,0.0,10,1955,9
118,prng,0,1.2378253640534882,3.064236111111111,0.39999999999999997,0.0,10,1960,9
119,prng,0,1.2393091385169246,3.0729166666666665,0.39999999999999997,0.0,10,1964,9
120,prng,0,1.2386475882802122,3.0729166666666665,0.39999999999999997,0.0,10,1972,9
121,prng,0,1.2412138684447962,3.0850694444444446,0.39999999999999997,0.0,10,1974,9
122,prng,0,1.2405924616054065,3.078125,0.39999999999999997,0.0,10,1980,9
123,prng,0,1.2422741736403118,3.092013888888889,0.39999999999999997,0.0,10,1985,9
124,prng,0,1.2420313954984392,3.092013888888889,0.39999999999999997,0.0,10,1986,9
125,prng,0,1.2439484427784517,3.1041666666666665,0.39999999999999997,0.0,10,1989,9
126,prng,0,1.2466504927625868,3.107638888888889,0.39999999999999997,0.0,11,1991,9
127,prng,0,1.245089191170732,3.095486111111111,0.39999999999999997,0.0,11,1999,9
128,prng,0,1.2487916607031098,3.107638888888889,0.39999999999999997,0.0,11,2008,9
129,prng,0,1.2487116723405793,3.107638888888889,0.39999999999999997,0.0,11,2011,9
130,prng,0,1.2490616031852853,3.107638888888889,0.39999999999999997,0.0,10,2016,9
131,prng,0,1.2507658053603519,3.107638888888889,0.39999999999999997,0.0,10,2020,9
132,prng,0,1.2483372589220334,3.1041666666666665,0.39999999999999997,0.0,10,2023,9
133,prng,0,1.246804442903733,3.1059027777777777,0.39999999999999997,0.0,10,2028,9
134,prng,0,1.2447837236941277,3.1024305555555554,0.39999999999999997,0.0,10,2031,9
135,prng,0,1.2476791320250837,3.1215277777777777,0.39999999999999997,0.0,10,2036,9
136,prng,0,1.2507080687638328,3.1319444444444446,0.39999999999999997,0.0,9,2041,9
137,prng,0,1.251172490853344,3.1319444444444446,0.39999999999999997,0.0,9,2043,9
138,prng,0,1.2512969831531566,3.1458333333333335,0.39999999999999997,0.0,10,2049,9
139,prng,0,1.2511850988794346,3.142361111111111,0.39999999999999997,0.0,9,2051,9
140,prng,0,1.2516219938387447,3.142361111111111,0.39999999999999997,0.0,9,2051,9
141,prng,0,1.251062505596864,3.142361111111111,0.39999999999999997,0.0,9,2053,9
142,prng,0,1.252135840565956,3.142361111111111,0.39999999999999997,0.0,9,2058,9
143,prng,0,1.2566474587423697,3.154513888888889,0.39999999999999997,0.0,9,2060,9
144,prng,0,1.253215407328141,3.1493055555555554,0.39999999999999997,0.0,9,2060,9
145,prng,0,1.249360603057616,3.1527777777777777,0.39999999999999997,0.0,9,2062,9
146,prng,0,1.246595495427301,3.1631944444444446,0.39999999999999997,0.0,8,2064,9
147,prng,0,1.238307849206878,3.1458333333333335,0.39999999999999997,0.0,8,2067,9
148,prng,0,1.2376237167476811,3.15625,0.39999999999999997,0.0,8,2070,9
149,prng,0,1.2401143057627593,3.1666666666666665,0.39999999999999997,0.0,8,2071,9
150,prng,0,1.240476989102529,3.1770833333333335,0.39999999999999997,0.0,8,2071,9
151,prng,0,1.2426800606549213,3.1788194444444446,0.39999999999999997,0.0,8,2076,9
152,prng,0,1.2411245422378947,3.171875,0.39999999999999997,0.0,8,2076,9
153,prng,0,1.2423385845571793,3.1753472222222223,0.39999999999999997,0.0,8,2077,9
154,prng,0,1.2439730017885056,3.1753472222222223,0.39999999999999997,0.0,8,2081,9
155,prng,0,1.239293552995704,3.1527777777777777,0.39999999999999997,0.0,8,2081,9
156,prng,0,1.2340640451670883,3.140625,0.39999999999999997,0.0,8,2082,9
157,prng,0,1.2346517165579196,3.140625,0.39999999999999997,0.0,7,2082,9
158,prng,0,1.2325645818983941,3.1354166666666665,0.39999999999999997,0.0,7,2083,9
159,prng,0,1.232839844479027,3.1354166666666665,0.39999999999999997,0.0,8,2083,9
160,prng,0,1.2301530727166012,3.126736111111111,0.39999999999999997,0.0,8,2086,9
161,prng,0,1.2284393142225893,3.1145833333333335,0.39999999999999997,0.0,8,2088,9
162,prng,0,1.2213020052158772,3.1059027777777777,0.39999999999999997,0.0,8,2089,9
163,prng,0,1.218837120349733,3.1041666666666665,0.39999999999999997,0.0,8,2091,9
164,prng,0,1.2145465883546558,3.1024305555555554,0.39999999999999997,0.0,8,2094,9
165,prng,0,1.2148420454761317,3.1006944444444446,0.39999999999999997,0.0,8,2096,9
166,prng,0,1.2143863465688038,3.1006944444444446,0.39999999999999997,0.0,7,2097,9
167,prng,0,1.214013454219115,3.1006944444444446,0.39999999999999997,0.0,7,2100,9
168,prng,0,1.213460036904863,3.1006944444444446,0.39999999999999997,0.0,6,2102,9
169,prng,0,1.2110511623170712,3.1006944444444446,0.39999999999999997,0.0,6,2102,9
170,prng,0,1.2105765205820798,3.1006944444444446,0.39999999999999997,0.0,6,2105,9
171,prng,0,1.2084511343348534,3.0989583333333335,0.39999999999999997,0.0,6,2109,9
172,prng,0,1.2020638431699442,3.0850694444444446,0.39999999999999997,0.0,6,2111,9
173,prng,0,1.202258522611258,3.0833333333333335,0.39999999999999997,0.0,6,2112,9
174,prng,0,1.2016354716497635,3.0833333333333335,0.39999999999999997,0.0,6,2112,9
175,prng,0,1.2011351474651024,3.0833333333333335,0.39999999999999997,0.0,6,2117,9
176,prng,0,1.199480313489314,3.0815972222222223,0.39999999999999997,0.0,6,2117,9
177,prng,0,1.1961104049381044,3.0729166666666665,0.39999999999999997,0.0,6,2117,9
178,prng,0,1.196158714881843,3.0729166666666665,0.39999999999999997,0.0,6,2118,9
179,prng,0,1.1944189330509556,3.0729166666666665,0.39999999999999997,0.0,5,2118,9
180,prng,0,1.1960807178538624,3.079861111111111,0.39999999999999997,0.0,5,2119,9
181,prng,0,1.1935468914312406,3.0850694444444446,0.39999999999999997,0.0,5,2119,9
182,prng,0,1.1965070465511403,3.0972222222222223,0.39999999999999997,0.0,5,2122,9
183,prng,0,1.1965438127615253,3.09375,0.39999999999999997,0.0,5,2122,9
184,prng,0,1.1966409657908246,3.09375,0.39999999999999997,0.0,5,2122,9
185,prng,0,1.194877304980109,3.09375,0.39999999999999997,0.0,5,2123,9
186,prng,0,1.194877304980109,3.09375,0.39999999999999997,0.0,5,2123,9
187,prng,0,1.1930915036580054,3.0902777777777777,0.39999999999999997,0.0,5,2123,9
188,prng,0,1.1930915036580054,3.0902777777777777,0.39999999999999997,0.0,5,2124,9
189,prng,0,1.1931179652944597,3.0902777777777777,0.39999999999999997,0.0,5,2125,9
190,prng,0,1.190459910701812,3.079861111111111,0.39999999999999997,0.0,5,2127,9
191,prng,0,1.1921090671327326,3.0833333333333335,0.39999999999999997,0.0,5,2128,9
192,prng,0,1.1921392536386166,3.0833333333333335,0.39999999999999997,0.0,5,2129,9
193,prng,0,1.193732579701166,3.095486111111111,0.39999999999999997,0.0,5,2129,9
194,prng,0,1.195307463235112,3.1006944444444446,0.39999999999999997,0.0,5,2129,9
195,prng,0,1.1947195797814048,3.1006944444444446,0.39999999999999997,0.0,4,2130,9
196,prng,0,1.1941414033130053,3.1006944444444446,0.39999999999999997,0.0,4,2132,9
197,prng,0,1.1935447319373131,3.1006944444444446,0.39999999999999997,0.0,4,2135,9
198,prng,0,1.192963876622957,3.1006944444444446,0.39999999999999997,0.0,4,2136,9
199,prng,0,1.1923776887077726,3.09375,0.39999999999999997,0.0,5,2138,9
200,prng,0,1.1907999722012972,3.09375,0.39999999999999997,0.0,5,2139,9
201,prng,0,1.1921277199628302,3.095486111111111,0.39999999999999997,0.0,5,2140,9
202,prng,0,1.193075974953656,3.1006944444444446,0.39999999999999997,0.0,5,2142,9
203,prng,0,1.1939925617082519,3.1059027777777777,0.39999999999999997,0.0,5,2146,9
204,prng,0,1.1880483718281671,3.0989583333333335,0.39999999999999997,0.0,5,2150,8
205,prng,0,1.1895905219374094,3.1024305555555554,0.39999999999999997,0.0,5,2152,8
206,prng,0,1.1881335692921042,3.0989583333333335,0.39999999999999997,0.0,5,2152,8
207,prng,0,1.1861392555282797,3.0989583333333335,0.39999999999999997,0.0,5,2152,8
208,prng,0,1.1905309514139768,3.1145833333333335,0.39999999999999997,0.0,5,2154,8
209,prng,0,1.191970125958094,3.1215277777777777,0.39999999999999997,0.0,5,2154,8
210,prng,0,1.1933852103620834,3.125,0.39999999999999997,0.0,5,2156,8
211,prng,0,1.19624119516777,3.1284722222222223,0.39999999999999997,0.0,5,2157,8
212,prng,0,1.1976458016254914,3.1371527777777777,0.39999999999999997,0.0,5,2159,8
213,prng,0,1.194367823586921,3.1336805555555554,0.39999999999999997,0.0,5,2161,8
214,prng,0,1.1944028499979304,3.1336805555555554,0.39999999999999997,0.0,5,2161,8
215,prng,0,1.194416724495196,3.1336805555555554,0.39999999999999997,0.0,4,2162,8
216,prng,0,1.1956157593291186,3.1336805555555554,0.39999999999999997,0.0,4,2164,8
217,prng,0,1.193781320643199,3.125,0.39999999999999997,0.0,4,2164,8
218,prng,0,1.1937332867001906,3.125,0.39999999999999997,0.0,4,2165,8
219,prng,0,1.1874986866069728,3.1163194444444446,0.39999999999999997,0.0,4,2165,8
220,prng,0,1.1832533501127185,3.107638888888889,0.39999999999999997,0.0,4,2165,8
221,prng,0,1.18411904363836,3.1128472222222223,0.39999999999999997,0.0,4,2167,8
222,prng,0,1.1849406972805718,3.1163194444444446,0.39999999999999997,0.0,4,2169,8
223,prng,0,1.181990930149121,3.1145833333333335,0.39999999999999997,0.0,4,2169,8
224,prng,0,1.181990930149121,3.1145833333333335,0.39999999999999997,0.0,4,2169,8
225,prng,0,1.1819522817109607,3.1145833333333335,0.39999999999999997,0.0,4,2169,8
226,prng,0,1.180355238864879,3.1041666666666665,0.39999999999999997,0.0,4,2169,8
227,prng,0,1.178470623014059,3.1006944444444446,0.39999999999999997,0.0,4,2170,8
228,prng,0,1.1770222539275101,3.0972222222222223,0.39999999999999997,0.0,4,2171,8
229,prng,0,1.1763252692451396,3.0972222222222223,0.39999999999999997,0.0,4,2173,8
230,prng,0,1.1748502055134635,3.095486111111111,0.39999999999999997,0.0,4,2175,8
231,prng,0,1.1703774722246958,3.0850694444444446,0.39999999999999997,0.0,4,2175,8
232,prng,0,1.1703774722246958,3.0850694444444446,0.39999999999999997,0.0,4,2175,8
233,prng,0,1.1684350198597488,3.0746527777777777,0.39999999999999997,0.0,4,2175,8
234,prng,0,1.1698732611285017,3.0850694444444446,0.39999999999999997,0.0,4,2176,8
235,prng,0,1.1712959592850565,3.092013888888889,0.39999999999999997,0.0,4,2176,8
236,prng,0,1.1712959592850565,3.092013888888889,0.39999999999999997,0.0,4,2177,8
237,prng,0,1.1711590943916275,3.0902777777777777,0.39999999999999997,0.0,4,2178,8
238,prng,0,1.1712288822946988,3.0902777777777777,0.39999999999999997,0.0,4,2178,8
239,prng,0,1.1711590943916275,3.0902777777777777,0.39999999999999997,0.0,4,2180,8
240,prng,0,1.1674171794041845,3.0850694444444446,0.39999999999999997,0.0,4,2180,8
