arm,arm_kind,p_split,transport,rep,ngen,D_star_raw,D_star_stat,censored,H_final,H_early,H_late,C_max,NBHD_final,n_frags_final,n_types_final,muts,wall_s
p0.01_t0.5,surface,0.01,0.5,0,240,69,69,False,1.1223484396845587,0.9924231176877241,1.1661535484431023,0.7524244337085488,3.0225694444444446,2082,9,199,3.5
p0.01_t0.5,surface,0.01,0.5,1,240,,241,True,0.8883635373298397,0.5508091384695952,0.8406155365819793,0.7522885505233786,2.220486111111111,1506,7,95,3.3
p0.01_t1.0,surface,0.01,1.0,0,240,94,94,False,1.164546212816171,0.9819727243289443,1.1860511995760954,0.7524244337085488,3.1128472222222223,1997,8,176,3.4
p0.01_t1.0,surface,0.01,1.0,1,240,92,92,False,1.246056253395332,0.9411429151493177,1.2245775162598795,0.7522885505233786,3.1128472222222223,2164,9,347,3.5
p0.01_t2.0,surface,0.01,2.0,0,240,88,88,False,1.24155394417175,0.9922639260369419,1.2910417142529886,0.7524244337085488,3.4114583333333335,2172,11,395,3.4
p0.01_t2.0,surface,0.01,2.0,1,240,188,188,False,1.2018325402737533,0.7376311031197876,1.1996544145536072,0.7522885505233786,3.0347222222222223,2070,9,254,3.4
p0.01_t4.0,surface,0.01,4.0,0,240,47,47,False,1.2670156445194654,1.1172531744175862,1.3375492262051032,0.7524244337085488,3.4409722222222223,2184,9,587,3.5
p0.01_t4.0,surface,0.01,4.0,1,240,82,82,False,1.2853255291773642,0.9466727779848746,1.3342872948083622,0.7522885505233786,3.1041666666666665,2142,9,649,3.4
p0.02_t0.5,surface,0.02,0.5,0,240,43,43,False,1.0191709251615602,1.1182517486215988,1.1023435822446868,0.7524244337085488,2.907986111111111,2247,7,372,3.5
p0.02_t0.5,surface,0.02,0.5,1,240,,241,True,1.0699812513189786,1.1098107169085425,1.1634249208021583,0.7522885505233786,2.623263888888889,2270,7,343,3.5
p0.02_t1.0,surface,0.02,1.0,0,240,38,38,False,1.0367454851244915,1.2476591597027555,1.1729751097957286,0.7524244337085488,2.8819444444444446,2288,9,458,3.5
p0.02_t1.0,surface,0.02,1.0,1,240,40,40,False,1.1288069607512812,1.235908338229863,1.181828124548252,0.7522885505233786,2.7239583333333335,2288,8,478,3.6
p0.02_t2.0,surface,0.02,2.0,0,240,36,36,False,1.0424493998897753,1.2124230308127182,1.177493851735218,0.7524244337085488,2.888888888888889,2283,8,625,3.5
p0.02_t2.0,surface,0.02,2.0,1,240,,241,True,1.1285239079183578,0.9574158210109964,1.1115584569102523,0.7522885505233786,2.7239583333333335,2295,6,650,3.5
p0.02_t4.0,surface,0.02,4.0,0,240,46,46,False,0.9024922550653295,1.1334423825629014,1.0130434400834094,0.7524244337085488,2.6059027777777777,2295,8,1202,3.5
p0.02_t4.0,surface,0.02,4.0,1,240,98,98,False,1.1863842140874648,0.9896120769736274,1.2155148613542337,0.7522885505233786,2.8975694444444446,2229,8,607,3.5
p0.04_t0.5,surface,0.04,0.5,0,240,18,18,False,0.7295093870213458,1.4529897440967312,0.815259950072855,0.7524244337085488,2.328125,2304,5,764,3.6
p0.04_t0.5,surface,0.04,0.5,1,240,20,20,False,1.0967290476846827,1.4654923538694546,1.1374529523621066,0.7522885505233786,2.6979166666666665,2304,6,783,3.6
p0.04_t1.0,surface,0.04,1.0,0,240,24,24,False,0.8659251581202062,1.4342167383716744,0.9150562219824386,0.7524244337085488,2.623263888888889,2304,6,1039,3.6
p0.04_t1.0,surface,0.04,1.0,1,240,23,23,False,1.1044763176902288,1.391802412137573,1.188889099543455,0.7522885505233786,2.6493055555555554,2302,8,656,3.6
p0.04_t2.0,surface,0.04,2.0,0,240,19,19,False,0.9199198277179655,1.4356463012487897,0.8597709203760803,0.7524244337085488,2.7552083333333335,2304,5,1548,3.6
p0.04_t2.0,surface,0.04,2.0,1,240,23,23,False,1.1371904009645506,1.447399615991323,1.095341474992184,0.7522885505233786,2.75,2304,5,1439,3.6
p0.04_t4.0,surface,0.04,4.0,0,240,12,12,False,0.6677421620998587,1.5946501956444348,0.7771508819302612,0.7524244337085488,2.1336805555555554,2304,6,1761,3.6
p0.04_t4.0,surface,0.04,4.0,1,240,14,14,False,1.0126157223071075,1.595450457213746,1.1497188798423519,0.7522885505233786,2.407986111111111,2304,5,2822,3.7
p0.08_t0.5,surface,0.08,0.5,0,240,9,9,False,0.8662757196069032,1.5172030435154633,0.8161719722444366,0.7524244337085488,2.5729166666666665,2304,5,1862,3.6
p0.08_t0.5,surface,0.08,0.5,1,240,19,19,False,1.029568253815216,1.3662980380676617,1.0142090027364765,0.7522885505233786,2.376736111111111,2304,5,944,3.6
p0.08_t1.0,surface,0.08,1.0,0,240,17,17,False,0.7596040618284101,1.4959973652085754,0.8309518941113038,0.7524244337085488,2.3663194444444446,2304,4,2213,3.6
p0.08_t1.0,surface,0.08,1.0,1,240,8,8,False,0.981023407417866,1.5997302865636613,1.0165862751732444,0.7522885505233786,2.2916666666666665,2304,4,1781,3.6
p0.08_t2.0,surface,0.08,2.0,0,240,8,8,False,0.6861416301176199,1.5347555733332154,0.7530353846650695,0.7524244337085488,2.2135416666666665,2304,4,2720,3.7
p0.08_t2.0,surface,0.08,2.0,1,240,11,11,False,1.055445860928927,1.4504434219627629,1.1234929695961244,0.7522885505233786,2.4583333333333335,2304,5,1761,3.6
p0.08_t4.0,surface,0.08,4.0,0,240,8,8,False,0.6668877723703905,1.4780670485896767,0.7656061564726571,0.7524244337085488,2.1753472222222223,2304,4,3824,3.7
p0.08_t4.0,surface,0.08,4.0,1,240,8,8,False,1.09967401422889,1.5985604779225295,1.0716259067416243,0.7522885505233786,2.720486111111111,2304,6,4465,3.7
base600,h1ext,0.02,1.0,0,600,84,84,False,0.7803306945680589,0.974350218844843,0.8004955670429328,0.7524244337085488,2.4097222222222223,2304,4,922,9.0
base600,h1ext,0.02,1.0,1,600,,241,True,0.8720166673347873,1.132917091604542,1.0166045506008603,0.7522885505233786,2.5885416666666665,2304,6,883,9.1
base600,h1ext,0.02,1.0,2,600,102,102,False,1.0944353873532666,0.9907621031828118,1.1078615639199507,0.7521856066669443,2.513888888888889,2304,4,883,9.2
