gen,arm,rep,V_p,V_A,M,V_gA,V_e,C,n_split
1,moth,0,0.2843745782468711,0.0,1.0,0.00012234569426295097,0.0,0.7524244337085488,0
2,moth,0,0.2799883213268305,0.0,1.0,3.524033515956796e-05,0.0065533574051518835,0.7438384400706617,13
3,moth,0,0.27658322262778245,0.0,1.0,1.767853048514664e-05,0.009098650706571391,0.7352469106508792,15
4,moth,0,0.2735357787181495,0.0,1.0,1.1771712469675228e-05,0.008032444008558189,0.7265739734132721,12
5,moth,0,0.27099680042736474,0.0,1.0,8.867677725638908e-06,0.010607857702953395,0.717964558378126,19
6,moth,0,0.26850717735559493,0.0,1.0,7.107290867806445e-06,0.00761587124090828,0.7092427269801591,9
7,moth,0,0.2664822286854136,0.0,1.0,5.912179662231328e-06,0.007110762317436724,0.7005392781693369,10
8,moth,0,0.2648710429916659,0.0,1.0,5.043805845607649e-06,0.007713425628430278,0.6918589016855228,12
9,moth,0,0.26310088141612464,0.0,1.0,4.383771079413965e-06,0.0067913412490913025,0.6831556800833786,13
10,moth,0,0.2614104985709563,0.0,1.0,3.865651374852097e-06,0.0060662297850585835,0.6744343086160316,11
11,moth,0,0.2599671442110809,0.0,1.0,3.4488408145699235e-06,0.005578563980934717,0.6656892253947613,7
12,moth,0,0.2585209297845392,0.0,1.0,3.1069058541712367e-06,0.005313140905724844,0.656943045102522,8
13,moth,0,0.2571437616022203,0.0,1.0,2.8218068550963193e-06,0.005254539605990139,0.6482187832660409,15
14,moth,0,0.2559155163290023,0.0,1.0,2.5807793207736078e-06,0.005121437921816901,0.6394960672761939,16
15,moth,0,0.2546703042232038,0.0,1.0,2.374532465306942e-06,0.00471074499468055,0.6307464369989955,12
16,moth,0,0.25345746904006433,0.0,1.0,2.1961493201790236e-06,0.004486559771105762,0.6219772644804493,12
17,moth,0,0.2522502929497424,0.0,1.0,2.040383942044501e-06,0.004248825176911069,0.6132096654401131,11
18,moth,0,0.25111420945025026,0.0,1.0,1.9031953122478367e-06,0.004190944119810474,0.6044378719458811,14
19,moth,0,0.25002175007790783,0.0,1.0,1.7814286081524037e-06,0.0041472964747597115,0.5956600069058111,12
20,moth,0,0.24888841220330113,0.0,1.0,1.6725916668547712e-06,0.00427935081305297,0.5868912991459361,9
21,moth,0,0.24761738622264742,0.0,1.0,1.5746948678230628e-06,0.004413919337644632,0.578166548127327,13
22,moth,0,0.2456466359090027,0.0,1.0,1.4861343834632584e-06,0.004279144154762953,0.5694774387665447,9
23,moth,0,0.2429968479459096,0.0,1.0,1.4056057500791443e-06,0.004199590459756079,0.5608762655243952,9
24,moth,0,0.23947919994780031,0.0,1.0,1.3320390420123083e-06,0.00424387867222099,0.5524122830357295,8
25,moth,0,0.23482121970669656,0.0,1.0,1.2645496907586935e-06,0.0042382571025287325,0.544117500970408,13
26,moth,0,0.22912557628718824,0.0,1.0,1.2024007954124842e-06,0.004339469398605623,0.536008925635025,10
27,moth,0,0.2221643128286636,0.0,1.0,1.1449739784968667e-06,0.004441575223163825,0.5281336611343184,10
28,moth,0,0.2139171093581363,0.0,1.0,1.0917466660104305e-06,0.004480119956151268,0.5205239579028934,10
29,moth,0,0.20444003672506,0.0,1.0,1.0422742439207602e-06,0.0045246308038784265,0.5132078638744797,7
30,moth,0,0.1941951047886178,0.0,1.0,9.961759483511969e-07,0.004495365502141467,0.5061292311407573,11
31,moth,0,0.18321253639518872,0.0,1.0,9.53123636849911e-07,0.00443330463739655,0.4993116071243207,11
32,moth,0,0.17178041461538404,0.0,1.0,9.128327986189473e-07,0.004472126310190252,0.4927425333955974,10
33,moth,0,0.15995957689926998,0.0,1.0,8.750553160181933e-07,0.004607726175208905,0.48641471002943276,17
34,moth,0,0.14794419379318346,0.0,1.0,8.395736041261049e-07,0.004687992373675752,0.48033192405481095,14
35,moth,0,0.13585305692910352,0.0,1.0,8.061958407592801e-07,0.0045506260870572975,0.47448328912487725,10
36,moth,0,0.1239894838655428,0.0,1.0,7.747520639273889e-07,0.00475081054023606,0.4688215605521898,17
37,moth,0,0.1123877491662306,0.0,1.0,7.45090962767461e-07,0.0047923207112668086,0.4633605359705082,11
38,moth,0,0.10115682608247106,0.0,1.0,7.170772255406372e-07,0.004718152657117188,0.45806396242241987,15
39,moth,0,0.09041624010715307,0.0,1.0,6.905893371742058e-07,0.004672087935340781,0.45297223997179303,5
40,moth,0,0.0801279620912324,0.0,1.0,6.655177412070208e-07,0.0045434942756423825,0.4480616392695729,7
41,moth,0,0.07039634883384202,0.0,1.0,6.417632984131255e-07,0.004579462593103625,0.4433140099742,14
42,moth,0,0.061259251167404,0.0,1.0,6.192359880017948e-07,0.00456693369062213,0.43877047265076474,12
43,moth,0,0.052817548820196576,0.0,1.0,5.978538079976238e-07,0.004495050803095975,0.43438024026231736,10
44,moth,0,0.044974040015554356,0.0,1.0,5.7754183985324e-07,0.004348799157925037,0.43021853401819604,11
45,moth,0,0.03780919920955708,0.0,1.0,5.582314490428179e-07,0.004185065947051774,0.4262685212306071,10
46,moth,0,0.03130012317074713,0.0,1.0,5.398595987110868e-07,0.0042539304559815715,0.4225685974893253,16
47,moth,0,0.025411587987193215,0.0,1.0,5.22368257706074e-07,0.004173090645508712,0.4191424691180346,17
48,moth,0,0.02017757247608445,0.0,1.0,5.057038877325881e-07,0.003935378734148278,0.41604674995675767,10
49,moth,0,0.015561788867014497,0.0,1.0,4.898169971047689e-07,0.0037073493894605788,0.4132128090347424,15
50,moth,0,0.011616123031353209,0.0,1.0,4.746617507882393e-07,0.003287443821069424,0.4106676541087761,10
51,moth,0,0.008360466444388516,0.0,1.0,4.6019562821321474e-07,0.0031242472672710154,0.40839615547356894,13
52,moth,0,0.0057219449175886054,0.0,1.0,4.4637912179478313e-07,0.0029089048480205795,0.4063886806347897,12
53,moth,0,0.0036812905462370463,0.0,1.0,4.3317547028183274e-07,0.0026756174595730336,0.4046363174151238,11
54,moth,0,0.0021796916518033917,0.0,1.0,4.205504220252946e-07,0.0024642664568722025,0.4031717935118668,11
55,moth,0,0.0011573364951676397,0.0,1.0,4.084720240507803e-07,0.0023082526816754225,0.40196791721809727,9
56,moth,0,0.0005250560508795812,0.0,1.0,3.9691043347456763e-07,0.002164413400903615,0.40109719655588294,5
57,moth,0,0.00018449467268691005,0.0,1.0,3.858377483411205e-07,0.00208947800164642,0.40051428674187656,11
58,moth,0,3.8503482917371125e-05,0.0,1.0,3.7522785540692506e-07,0.0020247538187859893,0.4001701703327699,13
59,moth,0,1.0161086419221281e-06,0.0,1.0,3.65056292766083e-07,0.0018477590351169111,0.4000154515990903,10
60,moth,0,0.0,0.0,1.0,3.5530012552194344e-07,0.0016900045004778306,0.39999999999999997,13
1,moth,1,0.28701463241628755,0.0,1.0,0.00013633649291820476,0.0,0.7522885505233786,0
2,moth,1,0.2819937771728308,0.0,1.0,3.864368264076787e-05,0.004133875645915045,0.7436294266197743,10
3,moth,1,0.2780385541619941,0.0,1.0,1.876683075741064e-05,0.00449594748730206,0.7349303482991326,8
4,moth,1,0.2750521897089863,0.0,1.0,1.2153156906170445e-05,0.00646299523685703,0.726267848064812,11
5,moth,1,0.2723756715775858,0.0,1.0,8.976823592462834e-06,0.007176638345660353,0.7176087760523477,15
6,moth,1,0.2701840178909031,0.0,1.0,7.101298283292706e-06,0.007554899736971077,0.7089450329927109,12
7,moth,1,0.2682940347390156,0.0,1.0,5.863888470651538e-06,0.008374422031597181,0.7002892594188515,17
8,moth,1,0.2664527598361906,0.0,1.0,4.992467199516758e-06,0.008207342614893127,0.6916486678220406,20
9,moth,1,0.26465106016720935,0.0,1.0,4.3516822349200225e-06,0.006809499809807261,0.6829277157553062,12
10,moth,1,0.26300415322980947,0.0,1.0,3.865272951413238e-06,0.005839246864305359,0.6742067537980407,10
11,moth,1,0.26145895619245035,0.0,1.0,3.4866023722394206e-06,0.005159573602419119,0.6654676632780854,10
12,moth,1,0.2600279212723462,0.0,1.0,3.1855050929771246e-06,0.004698029750104309,0.6567253236271768,9
13,moth,1,0.25866176120539924,0.0,1.0,2.941664777672974e-06,0.0044570942368138255,0.6479740978528545,9
14,moth,1,0.2572716714628898,0.0,1.0,2.740970022084271e-06,0.0041488756417442495,0.6392239990816444,13
15,moth,1,0.2561415334296857,0.0,1.0,2.573373571371698e-06,0.004672614798134873,0.6304925784449601,15
16,moth,1,0.25496241415458226,0.0,1.0,2.4315717647383597e-06,0.004423483592075483,0.6217402596189634,12
17,moth,1,0.25383081809678576,0.0,1.0,2.3101589555639344e-06,0.0041010286362806675,0.6129763495198027,9
18,moth,1,0.25264877405534136,0.0,1.0,2.205069883191606e-06,0.003800617559401411,0.6042023946127666,14
19,moth,1,0.2515683906798228,0.0,1.0,2.113202985767748e-06,0.0038557112736983365,0.5954329682884058,16
20,moth,1,0.25047027119410825,0.0,1.0,2.0321607210296457e-06,0.0038637878561579775,0.5866537922106912,9
21,moth,1,0.24920971841120199,0.0,1.0,1.9600673590965244e-06,0.003974175269019743,0.5779144721333414,12
22,moth,1,0.24725036347423077,0.0,1.0,1.8954391052643011e-06,0.0036978323250351727,0.5692217111136622,10
23,moth,1,0.24454821126847254,0.0,1.0,1.8370901894212528e-06,0.0036779995586890793,0.5606350463409357,8
24,moth,1,0.24097508404898793,0.0,1.0,1.7840640605490396e-06,0.0039066519469820975,0.5521792753203519,14
25,moth,1,0.2361929712514667,0.0,1.0,1.7355823524040492e-06,0.0038583537376565575,0.5439037065104183,11
26,moth,1,0.2302921479499917,0.0,1.0,1.6910065926267362e-06,0.0038757172175191224,0.5358295505353343,11
27,moth,1,0.22319911435236606,0.0,1.0,1.6498091608154651e-06,0.003996266598879534,0.5279826536505935,11
28,moth,1,0.21478474142756687,0.0,1.0,1.6115510359059103e-06,0.004207514334113123,0.520414349250639,18
29,moth,1,0.2051354739519085,0.0,1.0,1.5758645810730132e-06,0.004310762160768158,0.5131271559061883,11
30,moth,1,0.19470538485927802,0.0,1.0,1.5424401046359625e-06,0.004276471484815291,0.5060932481177823,7
31,moth,1,0.18372548970752067,0.0,1.0,1.5110152789190328e-06,0.004404562043102122,0.49929066838727443,12
32,moth,1,0.17218230979081695,0.0,1.0,1.4813667422626562e-06,0.004479927518824338,0.49274212085660696,14
33,moth,1,0.16038037833447516,0.0,1.0,1.453303383406962e-06,0.004727540550478681,0.4864174000694583,16
34,moth,1,0.1482419771601639,0.0,1.0,1.4266609331966568e-06,0.004606597354870389,0.4803576237459668,15
35,moth,1,0.13617044607956785,0.0,1.0,1.4012975802384766e-06,0.0045538036451924025,0.47451072674823924,9
36,moth,1,0.12418716591588039,0.0,1.0,1.377090394600959e-06,0.0045954328253406465,0.4688779732805045,14
37,moth,1,0.11257290337293455,0.0,1.0,1.3539323937121075e-06,0.004617809947351305,0.46341825436576256,11
38,moth,1,0.10128938388611355,0.0,1.0,1.3317301220788165e-06,0.0046766252556093985,0.4581467411371999,15
39,moth,1,0.09049783050701021,0.0,1.0,1.3104016447184908e-06,0.004602709138251139,0.4530489203788786,8
40,moth,1,0.08020836684082878,0.0,1.0,1.2898748756845682e-06,0.004572850981612363,0.4481329053577699,9
41,moth,1,0.07051642046610546,0.0,1.0,1.2700861795297203e-06,0.004615581333601705,0.44338379183696447,9
42,moth,1,0.06137085835420966,0.0,1.0,1.2509791962515365e-06,0.004552479544365092,0.438836125163686,10
43,moth,1,0.052866303051681246,0.0,1.0,1.232503850132613e-06,0.004338597358369346,0.4344395294927646,14
44,moth,1,0.04502625685339597,0.0,1.0,1.2146155106035719e-06,0.004231267269986229,0.43026519293043286,14
45,moth,1,0.0378561352083243,0.0,1.0,1.1972742793307223e-06,0.003998801789494962,0.4262836063140165,15
46,moth,1,0.0313588292865752,0.0,1.0,1.1804443825388705e-06,0.00388071703631813,0.42257852972192556,11
47,moth,1,0.02551979466989324,0.0,1.0,1.1640936514095717e-06,0.003789563127971955,0.4191407804729115,12
48,moth,1,0.020318010375513246,0.0,1.0,1.1481930764622404e-06,0.0037224680996997225,0.41602172057877945,10
49,moth,1,0.015728863183246004,0.0,1.0,1.1327164242942307e-06,0.0035540373040055784,0.413214417829105,10
50,moth,1,0.011801947296924775,0.0,1.0,1.1176399070538308e-06,0.0033933876364929567,0.4106836960688037,12
51,moth,1,0.008516365339611994,0.0,1.0,1.102941896643406e-06,0.0031387285645246283,0.40840827641823985,9
52,moth,1,0.0058634897716970105,0.0,1.0,1.088602676976048e-06,0.002941777234020568,0.40641833818038187,10
53,moth,1,0.003809125551771554,0.0,1.0,1.0746042286958106e-06,0.0028487412836571977,0.40469614850462987,10
54,moth,1,0.0022687274219680958,0.0,1.0,1.0609300416667791e-06,0.0027499111579567465,0.40323671470281985,15
55,moth,1,0.0012113886652136544,0.0,1.0,1.0475649512756065e-06,0.002529884328165071,0.40203604355425177,14
56,moth,1,0.0005615092663851622,0.0,1.0,1.0344949952056972e-06,0.0023208132576100315,0.4011377375586132,9
57,moth,1,0.0002080907446124969,0.0,1.0,1.0217072878513824e-06,0.0021090073500255966,0.400538288925933,12
58,moth,1,4.787837968106936e-05,0.0,1.0,1.0091899099668084e-06,0.001980060341493031,0.4002003257243679,14
59,moth,1,2.0127450015451486e-06,0.0,1.0,9.96931811500948e-07,0.0018709958808801092,0.40002504283589685,8
60,moth,1,0.0,0.0,1.0,9.849227258699078e-07,0.001795562627771909,0.39999999999999997,13
1,moth,2,0.2842654074149133,0.0,1.0,0.00013358123668677293,0.0,0.7521856066669443,0
2,moth,2,0.2794255428394756,0.0,1.0,3.626480303868698e-05,0.005554541907661863,0.74359583820584,15
3,moth,2,0.275829406513071,0.0,1.0,1.7016827705751097e-05,0.006564454484575663,0.7349312066745085,9
4,moth,2,0.2727316981442754,0.0,1.0,1.0936564542347865e-05,0.005957541101107745,0.7262264737831481,7
5,moth,2,0.2700899942741642,0.0,1.0,8.138359287184926e-06,0.007393029738699018,0.7175825439277428,14
6,moth,2,0.26784375364672325,0.0,1.0,6.519675556174772e-06,0.007769952954319463,0.7089119062696363,12
7,moth,2,0.26564544858465106,0.0,1.0,5.4530290109561775e-06,0.005737784252441443,0.7001681439693812,6
8,moth,2,0.2638096260383227,0.0,1.0,4.692048279323403e-06,0.0063070963911944075,0.6914618917296322,12
9,moth,2,0.26219660809130413,0.0,1.0,4.119630720683121e-06,0.007817010606275336,0.6828024177770289,19
10,moth,2,0.260554867025485,0.0,1.0,3.672499871172505e-06,0.00691582065945559,0.6740978021321015,14
11,moth,2,0.25910860314316575,0.0,1.0,3.313257248511275e-06,0.006759130987328928,0.6653956141275814,13
12,moth,2,0.2577336091846332,0.0,1.0,3.018274314884879e-06,0.006361074510985647,0.6566829889717155,14
13,moth,2,0.25646859149857626,0.0,1.0,2.7718225390192107e-06,0.005788457677953563,0.6479507676775215,11
14,moth,2,0.25529104613748116,0.0,1.0,2.562981661347315e-06,0.005650999085375534,0.639198359026532,7
15,moth,2,0.25402902500797153,0.0,1.0,2.3839032052597658e-06,0.005091311425074804,0.6304356545675602,12
16,moth,2,0.2527773817190877,0.0,1.0,2.2287827947485855e-06,0.004657649166613155,0.6216645110628676,9
17,moth,2,0.2516879166079206,0.0,1.0,2.093224453281099e-06,0.004853126304724572,0.612921911194734,17
18,moth,2,0.25052304678375914,0.0,1.0,1.973832017578795e-06,0.00446623981160084,0.6041463172831193,9
19,moth,2,0.2495632134324915,0.0,1.0,1.8679375437414853e-06,0.004869153883347178,0.5954007406445293,15
20,moth,2,0.24835498717855684,0.0,1.0,1.7734153301431318e-06,0.004523695705550192,0.5866338206821479,10
21,moth,2,0.2469096647588489,0.0,1.0,1.688551173929475e-06,0.00440608206941676,0.5778885943629077,7
22,moth,2,0.24490199855554945,0.0,1.0,1.6119482938383737e-06,0.00432989243135535,0.5692080911678759,4
23,moth,2,0.24209495518982832,0.0,1.0,1.5424582313906457e-06,0.004181082971606972,0.5606351899742013,9
24,moth,2,0.23845376978039814,0.0,1.0,1.479129171344764e-06,0.004311434585980816,0.5521947449876958,11
25,moth,2,0.23367613518998576,0.0,1.0,1.4211666698968575e-06,0.004358387457767069,0.5439217646633979,10
26,moth,2,0.22780195352769742,0.0,1.0,1.3679033914697714e-06,0.0043546270609759186,0.5358324180211789,7
27,moth,2,0.22072761289376613,0.0,1.0,1.3187754996268503e-06,0.0043478263548343155,0.527977141039077,13
28,moth,2,0.21237910125253906,0.0,1.0,1.2733040394369276e-06,0.004406190088480019,0.5203842154425417,11
29,moth,2,0.2028337622045996,0.0,1.0,1.2310801161064164e-06,0.004411525091635387,0.5130784293626647,11
30,moth,2,0.19249193714431995,0.0,1.0,1.191752996644847e-06,0.004375176950866753,0.5060217891736318,8
31,moth,2,0.18155659276941286,0.0,1.0,1.1550204870032721e-06,0.004431680573687885,0.4992050278053281,10
32,moth,2,0.17008451893962093,0.0,1.0,1.1206210979400097e-06,0.004445714424245432,0.4926214047050582,22
33,moth,2,0.15834921918142214,0.0,1.0,1.0883276292360715e-06,0.0044171215076436385,0.4862854595338827,10
34,moth,2,0.14631894367420406,0.0,1.0,1.0579418872941405e-06,0.004487280044568646,0.48022015544750735,9
35,moth,2,0.1343522729242296,0.0,1.0,1.0292903146746743e-06,0.004548702419182797,0.47435112655981715,11
36,moth,2,0.1224979752498419,0.0,1.0,1.0022203579360135e-06,0.004522552685412666,0.4686954029336528,10
37,moth,2,0.11098653636737205,0.0,1.0,9.76597436536973e-07,0.004615177632311897,0.4632105170893588,12
38,moth,2,0.09984914301246545,0.0,1.0,9.523024035396626e-07,0.004564272288955214,0.45790975421094077,10
39,moth,2,0.08915243263262515,0.0,1.0,9.292294105601095e-07,0.0045967024658185324,0.4527859628478055,15
40,moth,2,0.07896521686290817,0.0,1.0,9.072841064001745e-07,0.004583444758692079,0.4478451893744327,11
41,moth,2,0.06933142860564312,0.0,1.0,8.863821121842894e-07,0.004428695252432283,0.44308192948933656,11
42,moth,2,0.06029289540284041,0.0,1.0,8.664477264520239e-07,0.004442951441139087,0.43850984018427963,16
43,moth,2,0.05190180731390534,0.0,1.0,8.474128221438596e-07,0.004257558757444112,0.4341118264402877,12
44,moth,2,0.044137527905151935,0.0,1.0,8.292159042323468e-07,0.004129838543611246,0.4299421136165868,11
45,moth,2,0.037082627417024575,0.0,1.0,8.118013022504298e-07,0.004072482666421879,0.4259667502406616,15
46,moth,2,0.030674611454478584,0.0,1.0,7.951184764275037e-07,0.0039777991612404895,0.4222631377542914,10
47,moth,2,0.024926108166790348,0.0,1.0,7.791214197738893e-07,0.003969274306226648,0.4188314628219928,12
48,moth,2,0.01976397150585081,0.0,1.0,7.637681414208535e-07,0.003811628989093272,0.4157267622264604,13
49,moth,2,0.015280067742391625,0.0,1.0,7.490202189565292e-07,0.0037833071991673706,0.41293977432552526,13
50,moth,2,0.011444098166417541,0.0,1.0,7.348424095000623e-07,0.003730285058688849,0.41043683205233294,11
51,moth,2,0.008230652463804519,0.0,1.0,7.21202310908764e-07,0.003508454500423665,0.408205404896784,6
52,moth,2,0.0056455187483145765,0.0,1.0,7.080700658807299e-07,0.0034718553798577583,0.4062373617149785,14
53,moth,2,0.0036200454613769966,0.0,1.0,6.954181028509896e-07,0.003220216128886235,0.40452679375297873,13
54,moth,2,0.0021455396375734746,0.0,1.0,6.832209085237905e-07,0.002995996577447866,0.403111880893079,9
55,moth,2,0.0011253574427292992,0.0,1.0,6.714548276720735e-07,0.0028342334199145326,0.40192522720106405,19
56,moth,2,0.0004999661452461099,0.0,1.0,6.600978864942742e-07,0.00252270272400039,0.4010653493983331,6
57,moth,2,0.00016865213666316346,0.0,1.0,6.491296363713294e-07,0.0024038690542646417,0.40048757283446085,13
58,moth,2,3.088151287435523e-05,0.0,1.0,6.385310153308544e-07,0.002268388957462503,0.4001576421595871,8
59,moth,2,1.103913475726221e-07,0.0,1.0,6.282842249165129e-07,0.002135937764141712,0.40000411932394586,16
60,moth,2,0.0,0.0,1.0,6.183726204904395e-07,0.001880156973676775,0.39999999999999997,11
1,prng,0,0.2843745782468711,0.0,1.0,0.00012234569426295097,0.0,0.7524244337085488,0
2,prng,0,0.2799606348886928,0.0,1.0,3.524033515956796e-05,0.006068313236390125,0.7438321165887598,13
3,prng,0,0.2761171165476411,0.0,1.0,1.767853048514664e-05,0.007120696211167211,0.7352039887316897,14
4,prng,0,0.2731073731558607,0.0,1.0,1.1771712469675228e-05,0.0077670166142513215,0.7265575651025605,13
5,prng,0,0.2706513759973958,0.0,1.0,8.867677725638908e-06,0.008138191092963019,0.7179125080601481,16
6,prng,0,0.26847432654146647,0.0,1.0,7.107290867806445e-06,0.008433480095331765,0.7092569133328813,15
7,prng,0,0.26614154056158973,0.0,1.0,5.912179662231328e-06,0.006289063590467454,0.7005279589334451,9
8,prng,0,0.2645639346144344,0.0,1.0,5.043805845607649e-06,0.00735060492423234,0.6918370984314095,13
9,prng,0,0.26273697622618414,0.0,1.0,4.383771079413965e-06,0.006287940982788954,0.683109137734603,11
10,prng,0,0.26096962996018175,0.0,1.0,3.865651374852097e-06,0.004988147154497202,0.6743560446606109,7
11,prng,0,0.25951872387715824,0.0,1.0,3.4488408145699235e-06,0.005420642239673729,0.66564039301372,13
12,prng,0,0.25804450326002315,0.0,1.0,3.1069058541712367e-06,0.004720109681465103,0.6568956159329469,10
13,prng,0,0.2566691972616041,0.0,1.0,2.8218068550963193e-06,0.0042503126017745495,0.64813189033153,7
14,prng,0,0.2552783660512073,0.0,1.0,2.5807793207736078e-06,0.0039760235485563475,0.6393791495423937,10
15,prng,0,0.25407751150707425,0.0,1.0,2.374532465306942e-06,0.003922463951899418,0.6306300058164445,11
16,prng,0,0.2529394231198109,0.0,1.0,2.1961493201790236e-06,0.00406425636924078,0.6218744953184037,13
17,prng,0,0.25189742217441496,0.0,1.0,2.040383942044501e-06,0.004097792480260556,0.6131203983636163,11
18,prng,0,0.2510090275208215,0.0,1.0,1.9031953122478367e-06,0.004721896495681766,0.604387674200167,16
19,prng,0,0.2499107208608272,0.0,1.0,1.7814286081524037e-06,0.004212540397326379,0.5956073034294082,12
20,prng,0,0.24871910647787696,0.0,1.0,1.6725916668547712e-06,0.003990908837232186,0.5868346175793954,7
21,prng,0,0.24730509199455758,0.0,1.0,1.5746948678230628e-06,0.0039011387767763023,0.578089487207034,16
22,prng,0,0.24539794209584975,0.0,1.0,1.4861343834632584e-06,0.003826763247069235,0.5694061259381755,9
23,prng,0,0.2428324380091104,0.0,1.0,1.4056057500791443e-06,0.00383507610194058,0.5608156103985296,9
24,prng,0,0.2394116584482427,0.0,1.0,1.3320390420123083e-06,0.003960972934252445,0.5523557221555884,16
25,prng,0,0.23481928057031057,0.0,1.0,1.2645496907586935e-06,0.004015515279168141,0.5440613744608971,14
26,prng,0,0.2291318033515205,0.0,1.0,1.2024007954124842e-06,0.003951794766052668,0.5359483774589175,8
27,prng,0,0.222157055872066,0.0,1.0,1.1449739784968667e-06,0.00403158239665816,0.5280820188409059,10
28,prng,0,0.21392337076088275,0.0,1.0,1.0917466660104305e-06,0.004042106409294249,0.5204679899312515,17
29,prng,0,0.20442761891195615,0.0,1.0,1.0422742439207602e-06,0.004010816177730188,0.5131582156586859,8
30,prng,0,0.19420695867417395,0.0,1.0,9.961759483511969e-07,0.004057005899113427,0.5060792826518147,10
31,prng,0,0.18325762211343252,0.0,1.0,9.53123636849911e-07,0.004338964846486841,0.49926247381666633,16
32,prng,0,0.17183290703651244,0.0,1.0,9.128327986189473e-07,0.0043779115021510134,0.4926951477221297,11
33,prng,0,0.15999997277769207,0.0,1.0,8.750553160181933e-07,0.004393657648710076,0.48638475339651627,9
34,prng,0,0.14797404833921948,0.0,1.0,8.395736041261049e-07,0.004405281514098263,0.48031054450060334,9
35,prng,0,0.1359500913797402,0.0,1.0,8.061958407592801e-07,0.004551447887578271,0.47446439417697894,8
36,prng,0,0.12405106769213169,0.0,1.0,7.747520639273889e-07,0.004489905575435015,0.4688062366128323,12
37,prng,0,0.11243747809663532,0.0,1.0,7.45090962767461e-07,0.004464789502895788,0.463339939166275,12
38,prng,0,0.10121185870723728,0.0,1.0,7.170772255406372e-07,0.004359654084979199,0.45805862099660216,9
39,prng,0,0.0904335796452879,0.0,1.0,6.905893371742058e-07,0.004378488929630576,0.4529581099615465,13
40,prng,0,0.08015234807490475,0.0,1.0,6.655177412070208e-07,0.004319392235450549,0.4480370416288598,11
41,prng,0,0.07046898524444684,0.0,1.0,6.417632984131255e-07,0.0043689435258304704,0.4432989262152228,10
42,prng,0,0.06129479927991746,0.0,1.0,6.192359880017948e-07,0.004172881749051069,0.43875131512975946,11
43,prng,0,0.052853122052450185,0.0,1.0,5.978538079976238e-07,0.004154753584096982,0.43437829330785116,9
44,prng,0,0.04496915729536097,0.0,1.0,5.7754183985324e-07,0.003991242104315334,0.4302141017614264,13
45,prng,0,0.037783120606341335,0.0,1.0,5.582314490428179e-07,0.003702371441494661,0.4262474253019001,13
46,prng,0,0.03129096907048892,0.0,1.0,5.398595987110868e-07,0.0036280619737844655,0.42255325273521577,9
47,prng,0,0.0254265157981212,0.0,1.0,5.22368257706074e-07,0.0035167355755454824,0.419128891922813,12
48,prng,0,0.02019113507262818,0.0,1.0,5.057038877325881e-07,0.0034366999600200683,0.4160280380035535,10
49,prng,0,0.01562798450386077,0.0,1.0,4.898169971047689e-07,0.003368374760957296,0.41322276712505174,11
50,prng,0,0.01171438335024737,0.0,1.0,4.746617507882393e-07,0.0032642132561828806,0.41069890547273274,8
51,prng,0,0.008438770177342611,0.0,1.0,4.6019562821321474e-07,0.003232837221267683,0.4084195914200639,14
52,prng,0,0.005765873681432571,0.0,1.0,4.4637912179478313e-07,0.002991914572775845,0.40639979567118883,12
53,prng,0,0.0037074302926542605,0.0,1.0,4.3317547028183274e-07,0.002847116484113968,0.4046478008042049,15
54,prng,0,0.002193215829951306,0.0,1.0,4.205504220252946e-07,0.0026501559130753176,0.4031830577239935,19
55,prng,0,0.0011675118969778978,0.0,1.0,4.084720240507803e-07,0.0023547300482431865,0.40198514063356766,9
56,prng,0,0.000530765278351076,0.0,1.0,3.9691043347456763e-07,0.002165707049452646,0.40110932300246677,4
57,prng,0,0.00018761117874192267,0.0,1.0,3.858377483411205e-07,0.002078351839791097,0.40051881819851526,8
58,prng,0,3.935191966435541e-05,0.0,1.0,3.7522785540692506e-07,0.0020704836772436497,0.4001746398562319,18
59,prng,0,6.214048210512257e-07,0.0,1.0,3.65056292766083e-07,0.0019305317537066683,0.40001092370208985,12
60,prng,0,0.0,0.0,1.0,3.5530012552194344e-07,0.001785672279185911,0.39999999999999997,13
1,prng,1,0.28701463241628755,0.0,1.0,0.00013633649291820476,0.0,0.7522885505233786,0
2,prng,1,0.2818616057902865,0.0,1.0,3.864368264076787e-05,0.003344483468993651,0.743623393978039,11
3,prng,1,0.27808223829507583,0.0,1.0,1.876683075741064e-05,0.006386057069770107,0.7349933388093262,14
4,prng,1,0.27480881112998684,0.0,1.0,1.2153156906170445e-05,0.005732644526993757,0.7262988583393893,9
5,prng,1,0.271518948797439,0.0,1.0,8.976823592462834e-06,0.004900633011420283,0.717606074924592,14
6,prng,1,0.2692921882067178,0.0,1.0,7.101298283292706e-06,0.007352429948240442,0.7089808837952395,18
7,prng,1,0.26733832450064454,0.0,1.0,5.863888470651538e-06,0.007132690341770722,0.7003006722722245,15
8,prng,1,0.2653831752653194,0.0,1.0,4.992467199516758e-06,0.00550189594669172,0.6915693518641612,8
9,prng,1,0.26375982355055033,0.0,1.0,4.3516822349200225e-06,0.00548701741174628,0.6828637462593836,11
10,prng,1,0.2623683585929179,0.0,1.0,3.865272951413238e-06,0.005659704549601751,0.6741764664625802,15
11,prng,1,0.26064328499347095,0.0,1.0,3.4866023722394206e-06,0.004295914274132249,0.665423987680075,12
12,prng,1,0.25929433508412447,0.0,1.0,3.1855050929771246e-06,0.004304975974397621,0.6566888162693316,14
13,prng,1,0.25799906406830264,0.0,1.0,2.941664777672974e-06,0.004394826640681164,0.6479623200382592,11
14,prng,1,0.25672853824166747,0.0,1.0,2.740970022084271e-06,0.004115291035047531,0.6392252759181234,15
15,prng,1,0.2554308897817299,0.0,1.0,2.573373571371698e-06,0.003640240081519433,0.6304607063361556,10
16,prng,1,0.2542029786132478,0.0,1.0,2.4315717647383597e-06,0.0032945189691576857,0.6216934411833819,12
17,prng,1,0.2530780133679676,0.0,1.0,2.3101589555639344e-06,0.003125551191502307,0.6129281755697058,10
18,prng,1,0.2519444163076656,0.0,1.0,2.205069883191606e-06,0.002981865739635056,0.6041563864484323,13
19,prng,1,0.25093573486422566,0.0,1.0,2.113202985767748e-06,0.0030165026175153617,0.5953931663845262,18
20,prng,1,0.2499040928631985,0.0,1.0,2.0321607210296457e-06,0.00295846855229991,0.5866228618232185,13
21,prng,1,0.24852162771512087,0.0,1.0,1.9600673590965244e-06,0.0026270951344008605,0.5778638942251924,6
22,prng,1,0.2466216386734898,0.0,1.0,1.8954391052643011e-06,0.0025566518565939655,0.5691824417590668,11
23,prng,1,0.24408442607762362,0.0,1.0,1.8370901894212528e-06,0.0028026345555898927,0.5606019970855214,16
24,prng,1,0.2404530637134159,0.0,1.0,1.7840640605490396e-06,0.0027902617285160986,0.5521580528365928,10
25,prng,1,0.23571798553297293,0.0,1.0,1.7355823524040492e-06,0.0027820860694361465,0.5438762198433356,9
26,prng,1,0.22989826836675606,0.0,1.0,1.6910065926267362e-06,0.0029473531627722104,0.5358013234020729,21
27,prng,1,0.22274389386013643,0.0,1.0,1.6498091608154651e-06,0.0028949111791178894,0.5279523377733715,7
28,prng,1,0.2143443101969681,0.0,1.0,1.6115510359059103e-06,0.003094322120128527,0.520382533398321,18
29,prng,1,0.20469957355273016,0.0,1.0,1.5758645810730132e-06,0.0031439916894630427,0.5131010704122103,10
30,prng,1,0.19429274085190523,0.0,1.0,1.5424401046359625e-06,0.0031085774991161793,0.5060574188820159,9
31,prng,1,0.18330363117689352,0.0,1.0,1.5110152789190328e-06,0.003091195688205965,0.49925158854981544,13
32,prng,1,0.17178397522178832,0.0,1.0,1.4813667422626562e-06,0.003229494337472086,0.4927035503352884,13
33,prng,1,0.16000005448513163,0.0,1.0,1.453303383406962e-06,0.003230378896329575,0.48638506468101844,11
34,prng,1,0.14793048636718123,0.0,1.0,1.4266609331966568e-06,0.003352482757402043,0.4803141279993296,14
35,prng,1,0.13589889540719113,0.0,1.0,1.4012975802384766e-06,0.0033814888459155557,0.47445734285298274,12
36,prng,1,0.12395787484202911,0.0,1.0,1.377090394600959e-06,0.003404219968528579,0.4688120383365284,13
37,prng,1,0.11238617294625398,0.0,1.0,1.3539323937121075e-06,0.0033068299337799395,0.46335442816529976,5
38,prng,1,0.10114930217208595,0.0,1.0,1.3317301220788165e-06,0.0033482099415011717,0.45808753239560884,7
39,prng,1,0.09040408812157938,0.0,1.0,1.3104016447184908e-06,0.0035684474905407584,0.4529649502483635,18
40,prng,1,0.08010258804009632,0.0,1.0,1.2898748756845682e-06,0.0033937013577592197,0.4480604414857463,8
41,prng,1,0.07040728086862758,0.0,1.0,1.2700861795297203e-06,0.0034124563489671164,0.4433215840360498,10
42,prng,1,0.061225552858431315,0.0,1.0,1.2509791962515365e-06,0.003303485984888405,0.43875535175060687,17
43,prng,1,0.05277615678265241,0.0,1.0,1.232503850132613e-06,0.003249833753363272,0.43437372847632544,14
44,prng,1,0.04495097311839819,0.0,1.0,1.2146155106035719e-06,0.003188183016914582,0.4302216168456122,8
45,prng,1,0.03779834211664468,0.0,1.0,1.1972742793307223e-06,0.0031255233044508754,0.4262341251136789,16
46,prng,1,0.031286629699795676,0.0,1.0,1.1804443825388705e-06,0.0028405543946117572,0.42252093412482306,9
47,prng,1,0.025453315207528478,0.0,1.0,1.1640936514095717e-06,0.0027446787296108483,0.419095731380864,8
48,prng,1,0.020226836208938892,0.0,1.0,1.1481930764622404e-06,0.002750707885579388,0.41597611511774363,14
49,prng,1,0.01566889391636596,0.0,1.0,1.1327164242942307e-06,0.002666844816734472,0.4131676005078014,11
50,prng,1,0.011744331547553905,0.0,1.0,1.1176399070538308e-06,0.002489932755176269,0.41062649540325896,11
51,prng,1,0.008486092358401219,0.0,1.0,1.102941896643406e-06,0.002330825555636134,0.40836803451633347,9
52,prng,1,0.005850642470180451,0.0,1.0,1.088602676976048e-06,0.0022003966772529437,0.4063864153161444,8
53,prng,1,0.0037993886594545204,0.0,1.0,1.0746042286958106e-06,0.002060327822741426,0.4046576033225225,6
54,prng,1,0.002279954830709973,0.0,1.0,1.0609300416667791e-06,0.002039561523325522,0.4032192916629924,11
55,prng,1,0.0012344507874351494,0.0,1.0,1.0475649512756065e-06,0.0019336916012348772,0.40202838798425033,6
56,prng,1,0.0005789290226399108,0.0,1.0,1.0344949952056972e-06,0.0018707390550648745,0.40115035519921033,10
57,prng,1,0.00021654493684268602,0.0,1.0,1.0217072878513824e-06,0.0017570572002040224,0.4005539368483387,6
58,prng,1,5.141098364114577e-05,0.0,1.0,1.0091899099668084e-06,0.001642954866899126,0.4002082612022171,3
59,prng,1,2.5622259798050812e-06,0.0,1.0,9.96931811500948e-07,0.0016635421706757622,0.40002847000639563,14
60,prng,1,0.0,0.0,1.0,9.849227258699078e-07,0.0015927042105797443,0.39999999999999997,15
1,prng,2,0.2842654074149133,0.0,1.0,0.00013358123668677293,0.0,0.7521856066669443,0
2,prng,2,0.27957016823569,0.0,1.0,3.626480303868698e-05,0.004976419134708931,0.7435670785633202,11
3,prng,2,0.27571496083268066,0.0,1.0,1.7016827705751097e-05,0.005446650500902063,0.7348978022952963,9
4,prng,2,0.2727103648707201,0.0,1.0,1.0936564542347865e-05,0.0074144875268021175,0.726270909402533,16
5,prng,2,0.27029284444491986,0.0,1.0,8.138359287184926e-06,0.007578143247886237,0.7176151170056375,12
6,prng,2,0.26788880652212155,0.0,1.0,6.519675556174772e-06,0.006181631424320905,0.7089103881758769,11
7,prng,2,0.2658541336403174,0.0,1.0,5.4530290109561775e-06,0.007902694804998497,0.7002414875169605,13
8,prng,2,0.2640052791633703,0.0,1.0,4.692048279323403e-06,0.007330036159615009,0.6915589385041865,13
9,prng,2,0.26245235935968037,0.0,1.0,4.119630720683121e-06,0.007257045825424487,0.6828633139667031,13
10,prng,2,0.26106166645652196,0.0,1.0,3.672499871172505e-06,0.007550247315353281,0.6741583895533008,12
11,prng,2,0.2595023706753209,0.0,1.0,3.313257248511275e-06,0.006119962435455834,0.6654231432337474,9
12,prng,2,0.25808953694626724,0.0,1.0,3.018274314884879e-06,0.005619714108895757,0.6566795631188646,11
13,prng,2,0.256595775592083,0.0,1.0,2.7718225390192107e-06,0.004604303981716855,0.6479091026816719,7
14,prng,2,0.25529300273131283,0.0,1.0,2.562981661347315e-06,0.004739408496326195,0.639163188441863,13
15,prng,2,0.2540876513476348,0.0,1.0,2.3839032052597658e-06,0.004763305195066207,0.6304135957096734,13
16,prng,2,0.2527948969210445,0.0,1.0,2.2287827947485855e-06,0.004382372006238473,0.6216481386683713,10
17,prng,2,0.25155202929157994,0.0,1.0,2.093224453281099e-06,0.003959056465412495,0.6128690257364532,8
18,prng,2,0.2504910830407518,0.0,1.0,1.973832017578795e-06,0.0041059916391961125,0.604106113096279,10
19,prng,2,0.24942632251399338,0.0,1.0,1.8679375437414853e-06,0.004145466399144783,0.5953483667383145,18
20,prng,2,0.24824838926474474,0.0,1.0,1.7734153301431318e-06,0.00417293786222965,0.5865887609543694,15
21,prng,2,0.24693057841167937,0.0,1.0,1.688551173929475e-06,0.004449694792659122,0.5778654908763253,12
22,prng,2,0.2449436391762853,0.0,1.0,1.6119482938383737e-06,0.0043516225435354565,0.5691828402047919,11
23,prng,2,0.24221153012735305,0.0,1.0,1.5424582313906457e-06,0.0045136060711771925,0.5606212624803933,13
24,prng,2,0.23852316468031848,0.0,1.0,1.479129171344764e-06,0.004458444335770039,0.5521668102607131,9
25,prng,2,0.2337275272365536,0.0,1.0,1.4211666698968575e-06,0.004588487869243437,0.5439080159044357,17
26,prng,2,0.22782698079457286,0.0,1.0,1.3679033914697714e-06,0.004739162315497341,0.535837888688596,14
27,prng,2,0.22072742215305075,0.0,1.0,1.3187754996268503e-06,0.004808042667102211,0.5279844258047963,10
28,prng,2,0.21233726428919622,0.0,1.0,1.2733040394369276e-06,0.004884916076919767,0.5204001730337792,10
29,prng,2,0.20277259084114696,0.0,1.0,1.2310801161064164e-06,0.004926722159219816,0.5130980710373148,14
30,prng,2,0.19243067180644374,0.0,1.0,1.191752996644847e-06,0.004867187851860685,0.5060445916954402,8
31,prng,2,0.1815079462272019,0.0,1.0,1.1550204870032721e-06,0.004941231952873997,0.4992324793169106,12
32,prng,2,0.1700687084899201,0.0,1.0,1.1206210979400097e-06,0.005054812041932955,0.49266267319899526,13
33,prng,2,0.15831697925100244,0.0,1.0,1.0883276292360715e-06,0.005101276958921138,0.48632067118284283,16
34,prng,2,0.14629083505024917,0.0,1.0,1.0579418872941405e-06,0.005057891204234843,0.480240120420217,12
35,prng,2,0.13432922193236144,0.0,1.0,1.0292903146746743e-06,0.004973499672193055,0.47436399552551994,11
36,prng,2,0.12247333304839075,0.0,1.0,1.0022203579360135e-06,0.004882804588652249,0.4687043804146245,9
37,prng,2,0.11098833935511428,0.0,1.0,9.76597436536973e-07,0.00492840338370112,0.4632132165361913,12
38,prng,2,0.09983520979368088,0.0,1.0,9.523024035396626e-07,0.0048248379096025125,0.4579126312487141,12
39,prng,2,0.08918185157543139,0.0,1.0,9.292294105601095e-07,0.004849790890222125,0.4527898517405181,10
40,prng,2,0.07898429184209405,0.0,1.0,9.072841064001745e-07,0.00480365051917961,0.44785995312345545,9
41,prng,2,0.06936297861656662,0.0,1.0,8.863821121842894e-07,0.004724254441949306,0.4431015167796555,10
42,prng,2,0.06033674884480346,0.0,1.0,8.664477264520239e-07,0.0047036918142201335,0.4385412625500556,8
43,prng,2,0.05193467930407422,0.0,1.0,8.474128221438596e-07,0.004492090239132321,0.4341343062779386,12
44,prng,2,0.04416577192448609,0.0,1.0,8.292159042323468e-07,0.0042918221427868716,0.4299703279475448,7
45,prng,2,0.03707745955486988,0.0,1.0,8.118013022504298e-07,0.0042193517374187256,0.4260064300183331,12
46,prng,2,0.030643990348630308,0.0,1.0,7.951184764275037e-07,0.004060710526685465,0.4222900085239824,11
47,prng,2,0.024822111843977385,0.0,1.0,7.791214197738893e-07,0.003765506098031541,0.4188559400612477,10
48,prng,2,0.019643859631045122,0.0,1.0,7.637681414208535e-07,0.003578423439752886,0.41573788055849925,14
49,prng,2,0.015153913254086037,0.0,1.0,7.490202189565292e-07,0.0034367175409560574,0.41293670892506096,11
50,prng,2,0.011280419358907175,0.0,1.0,7.348424095000623e-07,0.0033226961661917045,0.4104006874936519,17
51,prng,2,0.008105742582916749,0.0,1.0,7.21202310908764e-07,0.0031920011159371833,0.4081607197773758,11
52,prng,2,0.005528592653359866,0.0,1.0,7.080700658807299e-07,0.003049032474132876,0.40619337665995164,11
53,prng,2,0.0035466731865143857,0.0,1.0,6.954181028509896e-07,0.0029472059029976225,0.40449581124502254,14
54,prng,2,0.0020862996217515233,0.0,1.0,6.832209085237905e-07,0.002805913580238231,0.40307596146596625,13
55,prng,2,0.0010949825315393826,0.0,1.0,6.714548276720735e-07,0.0026187742160948286,0.40190508267737324,13
56,prng,2,0.00048814653595096374,0.0,1.0,6.600978864942742e-07,0.0024081613502090257,0.40104435961574525,12
57,prng,2,0.00016635364303270618,0.0,1.0,6.491296363713294e-07,0.002191351230452035,0.4004679280326061,14
58,prng,2,3.319090362817782e-05,0.0,1.0,6.385310153308544e-07,0.002015154659475311,0.4001547540519331,8
59,prng,2,6.242186086942796e-07,0.0,1.0,6.282842249165129e-07,0.0018717867877448622,0.40001063817441807,15
60,prng,2,0.0,0.0,1.0,6.183726204904395e-07,0.0016638186786965565,0.39999999999999997,7
